Gender,Married,Dependents,Education,Self_Employed,ApplicantIncome,CoapplicantIncome,LoanAmount,Loan_Amount_Term,Credit_History,Property_Area,Loan_Status,TotalIncome,Income_Loan_Ratio,EMI,LoanIncomeRatio,ApplicantIncome_Log,TotalIncome_Log,LoanAmount_Log
1,0,0.0,0,0,0.0959511145619078,-0.5528923517928886,-0.21342505345510385,0.27403136261760297,1.0,2,1,-0.17290959826061636,-0.13526766486622993,-0.2296222286761204,-0.2492728968759779,0.5393913918433386,0.022901228873914204,-0.013951273578280892
1,1,1.0,0,0,-0.12223417205306032,-0.04185236718980112,-0.2011152365216401,0.27403136261760297,1.0,0,0,-0.13397586452861562,-0.09483903055067648,-0.22418001477428912,-0.32963225717998706,0.15217412854189374,0.09833982670570757,0.0019942700498869806
1,1,0.0,0,1,-0.39505195144602595,-0.5528923517928886,-0.9643238863963922,0.27403136261760297,1.0,2,1,-0.6312658271964434,-0.15112866874376094,-0.5615972766878307,-0.21626792387455274,-0.5204615966311574,-1.2193647255569984,-1.3403409384583498
1,1,0.0,1,0,-0.46691866907512686,0.24620067452944575,-0.29959377198935006,0.27403136261760297,1.0,2,1,-0.31899154135423907,-0.2641506093956268,-0.2677177259889397,0.04679265000209358,-0.7580081630581222,-0.2910106130847382,-0.1291860073678539
1,0,0.0,0,0,0.12197479408707383,-0.5528923517928886,-0.041087616386611424,0.27403136261760297,1.0,2,1,-0.14861623547742583,-0.22775284744357166,-0.15343123405048203,-0.043699908005658615,0.5798557213142881,0.07032993777720146,0.19872752789520257
1,1,2.0,0,1,0.021499263205141426,0.8690730165058878,1.5099493172298204,0.27403136261760297,1.0,2,1,0.432654756149511,-0.40072241262396163,0.5322877175802638,0.44810607196065533,0.41758313664332175,0.9474478755716729,1.5001651384125705
1,1,0.0,1,0,-0.5100042312028852,-0.03914127973832586,-0.6073391953259437,0.27403136261760297,1.0,2,1,-0.49467599273996143,-0.28156022772395034,-0.4037730735347225,0.0922532608138899,-0.9195752446581588,-0.7557174987806577,-0.6034095429937135
1,1,3.0,0,0,-0.3888476304996288,0.2956780205188694,0.1681792714822722,0.27403136261760297,0.0,1,0,-0.22262250620767518,-0.4255596196466021,-0.06091359771934969,0.5338111053895207,-0.5015276375804353,-0.07809357666226074,0.4304216943389915
1,1,2.0,0,0,-0.22167564944392654,-0.03575242042398178,0.2912774408169097,0.27403136261760297,1.0,2,1,-0.22390957178559256,-0.4819371408133295,-0.006491458701036508,0.7465193577193632,-0.061431794253070306,-0.08078251840392314,0.5553989638477863
1,1,1.0,0,0,1.3009681161510525,3.1640085441796995,2.5193543057738474,0.27403136261760297,1.0,1,0,2.716552624163902,0.45011908660807043,0.9785492575304316,-1.0608937387023047,1.7878489720351833,2.6352371082247648,2.047135717412886
1,1,2.0,0,0,-0.3605835017438193,-0.31567219978880284,-0.9150846186625373,0.27403136261760297,1.0,2,1,-0.4864709496807381,0.11982902222042707,-0.5398284210805055,-0.6823490607512237,-0.4180201413316465,-0.7312260454922636,-1.2215255105402574
1,1,2.0,0,1,-0.4812230757015426,0.07065776204642236,-0.4350017582574512,0.27403136261760297,1.0,2,1,-0.4156823428952822,-0.300027959609228,-0.3275820789090842,0.14212217974256672,-0.8098466842331378,-0.5323286933395506,-0.32447580476928123
1,1,2.0,0,0,-0.3824709673047205,2.1941170084144237,0.6851915826877495,0.27403136261760297,1.0,2,1,0.6845978430268381,0.12460165041000519,0.16765938615756565,-0.6890251480141746,-0.48230018971044625,1.228296721943806,0.9107068689971377
1,0,0.0,0,0,-0.5927285104881812,0.4095436934808305,-0.3734526735901325,0.27403136261760297,1.0,0,0,-0.35889057426967785,-0.2643706910644479,-0.3003710093999276,0.04735824881584957,-1.285148174568599,-0.38682851487786163,-0.2333944981930393
1,1,2.0,0,0,-0.6882061161632936,-0.18486223025512133,-1.5675049161361156,-3.4503039747761832,1.0,2,1,-0.730208993498842,2.3535654894654057,-0.6432304852153005,-1.9272357849142923,-1.8487887583078833,-1.6461618684283013,-4.033373889280067
1,0,0.0,0,0,-0.058984566849511116,-0.5528923517928886,-0.23804468732203132,0.27403136261760297,1.0,2,1,-0.317543592579082,-0.305746044802819,-0.24050665647978312,0.15791996238661812,0.27446297929039715,-0.28762442973620533,-0.04621953126101011
1,0,1.0,1,0,-0.29233597133345013,-0.5528923517928886,-0.5457901106586249,-1.5881363060792901,1.0,2,1,-0.5353794416415986,-0.40187771774388553,-0.10445130893400018,0.45199323954210596,-0.23282359569510983,-0.8822208955643753,-0.499377453702394
0,0,0.0,0,0,-0.307157404705399,-0.5528923517928886,-0.8412257170617549,0.27403136261760297,0.0,2,0,-0.5492153966042105,-0.13185835994267694,-0.5071751376695175,-0.2562551944082754,-0.2712472901675511,-0.9272577525677913,-1.0552999169781205
1,1,0.0,1,0,-0.0698421285057062,-0.5528923517928886,-0.1395661518543214,0.27403136261760297,1.0,0,0,-0.32767923400518134,-0.3811629029847101,-0.19696894526513253,0.38370048925342376,0.2541289980058501,-0.31145812454343197,0.07991209997711027
1,1,0.0,0,1,-0.4639888508504393,0.6332084082275398,-0.36114285665666873,0.27403136261760297,1.0,2,1,-0.13252791575345857,0.04929353084670057,-0.2949287954980963,-0.5783778588125595,-0.7475962960528124,0.10108726447404802,-0.21565419676392672
1,1,0.0,1,0,0.40806292661538907,-0.5528923517928886,-0.4965508429247699,0.27403136261760297,0.0,2,0,0.11844987194043056,0.5936092301551307,-0.3547931484182408,-1.1852921522349564,0.9676235075458559,0.5248370480075298,-0.4197949453595222
1,1,1.0,0,0,0.11421939290407733,1.3533410125256569,2.10082053003608,0.27403136261760297,1.0,2,1,0.7491120051199468,-0.380699573155613,0.7935139848681669,0.3822063004168793,0.5679043089805506,1.2938801060973406,1.8377472954739078
1,1,0.0,1,0,-0.4639888508504393,0.09471866317826533,-0.348833039723205,0.27403136261760297,0.0,1,0,-0.3881713161672982,-0.32455164395243075,-0.2894865815962649,0.21111622005967123,-0.7475962960528124,-0.46042428542449015,-0.19806617447838254
1,1,1.0,0,1,-0.27148255926361514,0.43834899765275515,0.08201055294802602,0.27403136261760297,1.0,1,0,-0.04532922284955607,-0.189892722344187,-0.09900909503216887,-0.13181126971649518,-0.18028994890376165,0.25948589676106,0.3381685307017204
1,1,0.0,0,1,0.7355131987863522,-0.5528923517928886,0.5744032302865757,0.27403136261760297,1.0,1,1,0.42412794669580833,-0.029701410058636607,0.11867946104108375,-0.44876541805774844,1.3194011734571909,0.9371597216642065,0.8168434954417465
1,1,0.0,0,0,-0.4296927433967437,0.2106176517288329,-0.27497413812242255,0.27403136261760297,1.0,1,1,-0.3011335064606354,-0.25794863581032323,-0.256833298185277,0.030947486559956713,-0.6305379357509256,-0.24967219196196802,-0.09559522203619118
1,1,2.0,1,0,-0.1837603547714992,-0.2004509831011041,-0.42269194132398746,0.27403136261760297,1.0,2,1,-0.26670450225134545,-0.08726496993675856,-0.3221398650072528,-0.3441155031712697,0.023435838754176024,-0.17247665613370639,-0.3059327640486645
1,0,0.0,1,0,-0.6635611746262159,-0.5528923517928886,-1.3459282113337683,0.27403136261760297,1.0,2,0,-0.8819218484958532,-0.2634903643891633,-0.7303059076446016,0.04509722637348096,-1.6830855055357745,-2.5820896652851344,-2.613120850844606
0,0,2.0,0,1,-0.26579526506275103,0.15300704338498355,-0.29959377198935006,0.27403136261760297,1.0,1,1,-0.17548372941645113,-0.06783776080718491,-0.2677177259889397,-0.3804831704742908,-0.16625918872056342,0.017804112427435133,-0.1291860073678539
1,1,1.0,0,1,-0.19410088968216122,0.5888143512096323,0.6975013996212132,0.27403136261760297,1.0,2,0,0.0983394722854715,-0.36153510544846007,0.17310160005939693,0.3216282229125419,0.0007363237911269246,0.4942203892614617,0.9208755847330661
1,0,0.0,0,0,-0.3662707959446834,-0.5528923517928886,-0.8658453509286823,0.27403136261760297,1.0,2,0,-0.6043983332574181,-0.2213060618140443,-0.5180595654731802,-0.05912041589669011,-0.43447421633575234,-1.1185779219028085,-1.1092238715861429
1,0,1.0,0,1,-0.1034488669653577,-0.5528923517928886,-0.47193120905784247,0.27403136261760297,1.0,0,0,-0.3590514574669175,-0.1825667500120682,-0.34390872061457806,-0.1482018806730677,0.1894876143571879,-0.3872250384713936,-0.3811335716779283
1,1,0.0,0,0,-0.30888082719050935,0.012030495908269762,-0.3734526735901325,0.27403136261760297,1.0,1,1,-0.2826319387780731,-0.1545615215684348,-0.3003710093999276,-0.20900940207940924,-0.27577611248699035,-0.2077910390189033,-0.2333944981930393
1,0,3.0,0,0,1.2421994094087903,0.46376544251033575,2.162369614703399,0.27403136261760297,1.0,0,0,1.379774138299463,-0.07234943501801795,0.8207250543773233,-0.37213580917548905,1.7451173417711774,1.8364579898414433,1.8699142357775593
1,1,0.0,0,0,-0.5200000816165251,0.147584868482033,-0.21342505345510385,0.27403136261760297,1.0,2,1,-0.4153605765008029,-0.4486500978553001,-0.2296222286761204,0.61771808372399,-0.9595307731833859,-0.5314714462128353,-0.013951273578280892
1,1,0.0,0,0,-0.597037066700957,-0.10217406298512577,-0.5457901106586249,0.27403136261760297,0.0,2,0,-0.6058462820325752,-0.5175526428762679,-0.37656200402556594,0.895715634576391,-1.306704357246814,-1.1238726153151963,-0.499377453702394
0,1,0.0,0,0,-0.2800996716891668,-0.05845777783008712,-0.0041581655862201914,0.27403136261760297,1.0,1,1,-0.28922814986489964,-0.4114586063932318,-0.13710459234498804,0.48459746818603033,-0.20178775941255128,-0.22261470605295122,0.2415651581575886
1,0,0.0,0,0,-0.19410088968216122,1.8904752138491938,0.48823451175232957,0.27403136261760297,1.0,2,1,0.7162918328830536,0.28124047224774523,0.08058396372826444,-0.8864758204792959,0.0007363237911269246,1.2608048362511888,0.7407448602882835
1,0,0.0,1,0,-0.2661399495597731,0.01236938183970417,-0.42269194132398746,0.27403136261760297,1.0,1,1,-0.24257202266539457,-0.051251605947847605,-0.3221398650072528,-0.4106724636618638,-0.16710601755596668,-0.12021516863569154,-0.3059327640486645
1,0,0.0,0,0,-0.29164660233940604,-0.5528923517928886,-0.7919864493278999,0.27403136261760297,1.0,2,0,-0.5347359088526399,-0.16313312340673125,-0.48540628206219233,-0.1907022918939756,-0.23105887861570384,-0.8801524502509321,-0.9515313128045515
1,0,0.0,0,0,-0.601862649659266,-0.1418237169629515,-1.1982104081322034,0.27403136261760297,1.0,2,1,-0.6291743456323277,0.3414626347244225,-0.6649993408226258,-0.9526650372825599,-1.3311998914441758,-1.211320129413929,-2.0236625814291727
1,1,0.0,0,0,-0.4984573005526459,-0.5528923517928886,-0.8535355339952185,0.27403136261760297,1.0,2,1,-0.727795745540247,-0.5064605267676833,-0.5126173515713488,0.8479015073169601,-0.8746375589949552,-1.6344984702432668,-1.0820845077337395
1,1,0.0,0,0,-0.2328778955971437,0.23874518403788877,-0.12725633492085764,0.27403136261760297,1.0,1,1,-0.10405158984203654,-0.1144523721839096,-0.19152673136330123,-0.2913030741020765,-0.08739973041963713,0.15431195586729715,0.09514631153239657
1,1,0.0,1,1,-0.1029318402198246,-0.5528923517928886,-0.5950293783924799,0.27403136261760297,1.0,2,1,-0.3585688078751985,-0.05996984114682977,-0.3983308596328912,-0.3949006303969859,0.1905022937156634,-0.3860357210515199,-0.5821762751010197
0,0,0.0,0,0,-0.32439162955650236,-0.5528923517928886,-0.6935079138601898,0.27403136261760297,1.0,2,1,-0.5653037163281777,-0.32819437502257354,-0.4418685708475418,0.22164661101855468,-0.3171275127757427,-0.9810344925002837,-0.7585424611983882
1,1,1.0,0,0,0.06148266485970114,-0.5528923517928886,-1.2351398589325946,0.27403136261760297,1.0,2,1,-0.2050862377085509,2.039084084515179,-0.6813259825281196,-1.8511785485188046,0.484157856578396,-0.04183863707792717,-2.155901495923091
1,1,0.0,0,0,0.09112553160359887,-0.5528923517928886,-0.0041581655862201914,0.27403136261760297,1.0,2,1,-0.1774143277833272,-0.28399463986766454,-0.13710459234498804,0.09872824367036306,0.5317734003958379,0.013972092928373722,0.2415651581575886
0,1,0.0,0,0,-0.4562334496674428,0.6128752523414753,-0.29959377198935006,0.27403136261760297,0.0,2,0,-0.13494116371205367,-0.012377180264261843,-0.2677177259889397,-0.47849946373777474,-0.720360567751927,0.09650594564499197,-0.1291860073678539
0,0,0.0,0,0,-0.22270970293499273,0.2180731422203899,-0.0041581655862201914,0.27403136261760297,1.0,1,1,-0.10437335623651588,-0.20073040849700652,-0.13710459234498804,-0.10718110375025829,-0.06381112141471032,0.15371897084421943,0.2415651581575886
0,1,0.0,1,0,-0.5798028418498536,0.0042361194852783765,-0.5457901106586249,0.27403136261760297,1.0,1,1,-0.5392406383753507,-0.40821606980593395,-0.37656200402556594,0.4734888189116054,-1.2221817944102953,-0.8946800783589725,-0.499377453702394
0,0,0.0,0,0,-0.3802305180740771,-0.5528923517928886,-0.29959377198935006,0.27403136261760297,1.0,1,1,-0.6174298722338316,-0.6724021050588102,-0.2677177259889397,1.7263058870773431,-0.4755994972878576,-1.1667813396869495,-0.1291860073678539
0,0,0.0,0,0,-0.1830709857774551,-0.5528923517928886,-0.39807230745705996,0.27403136261760297,1.0,1,0,-0.4333794945916462,-0.35413257170506296,-0.31125543720359017,0.29885236305324125,0.024937663438142302,-0.5800959404294409,-0.26934264858272655
1,1,2.0,0,0,-0.11654687785219622,-0.5528923517928886,-0.12725633492085764,0.27403136261760297,1.0,2,0,-0.37127858045713263,-0.4418156425527623,-0.19152673136330123,0.5924390343741291,0.16356370741846057,-0.4176107498351647,0.09514631153239657
0,1,1.0,0,1,1.069857160897757,-0.5528923517928886,1.7438358389656314,0.27403136261760297,0.0,2,0,0.736241349340773,-0.28964160716264964,0.6356897817150586,0.11386219343985347,1.612734731845457,1.2809793804664273,1.6405113285273796
1,1,2.0,0,0,-0.44537588801124767,-0.15741246980893428,-0.5827195614590162,0.27403136261760297,1.0,1,1,-0.49049302961172997,-0.29654345460963893,-0.39288864573105997,0.13257924798944828,-0.6829987491655602,-0.7431913913187883,-0.5611607881529271
1,1,0.0,0,0,-0.5446450231536029,-0.013724834880745253,-0.5950293783924799,0.27403136261760297,1.0,1,1,-0.5149472755921601,-0.32736906876449434,-0.3983308596328912,0.21925425638441257,-1.0625634985123387,-0.8176446586479144,-0.5821762751010197
1,1,0.0,0,0,-0.3319746884909878,0.19265669736280927,-0.11494651798739389,0.27403136261760297,1.0,0,0,-0.2184395430794437,-0.26270785178891054,-0.18608451746146992,0.043090497867318625,-0.33774254926282293,-0.0693812506221355,0.11026809245771321
1,1,1.0,0,0,0.48044667099002303,0.2096009939345297,0.4389952440184746,0.27403136261760297,1.0,2,1,0.5480080085703561,0.16405495757400504,0.05881510812093926,-0.74260315652792,1.0523695366539383,1.0813132176127722,0.6959563663011106
1,1,2.0,1,0,-0.3335257687275871,0.41598252617808423,-0.0041581655862201914,0.27403136261760297,1.0,2,1,-0.11386546487365656,-0.2115510905473784,-0.13710459234498804,-0.08212238772936359,-0.3419924361892497,0.13614036816817202,0.2415651581575886
1,1,0.0,0,0,-0.4812230757015426,0.7335186439321245,-0.29959377198935006,0.27403136261760297,1.0,2,1,-0.10099480909448276,0.03406005185699512,-0.2677177259889397,-0.55453339504831,-0.8098466842331378,0.15993591022327205,-0.1291860073678539
1,1,3.0,0,0,-0.390054026239206,-0.5528923517928886,-0.5580999275920887,0.27403136261760297,1.0,2,1,-0.626600214476493,-0.5435409533933028,-0.38200421792739725,1.0128827594200767,-0.5051916010329602,-1.201466586982842,-0.5197656021707086
1,1,0.0,1,1,-0.46243777061384,0.6159252257243849,0.2543479900165185,-2.519220140427737,0.0,0,0,-0.1392850100375248,-0.38193431706380404,0.8751471933956365,0.38619138452478635,-0.7421116480130192,0.08823104457930646,0.5186996183252975
1,1,1.0,0,0,-0.05984627809206628,-0.5528923517928886,-0.21342505345510385,0.27403136261760297,0.0,0,0,-0.31834800856528034,-0.3232555344230444,-0.2296222286761204,0.20738742752046704,0.272858650540439,-0.2895048820323831,-0.013951273578280892
0,0,0.0,0,0,-0.19410088968216122,-0.5528923517928886,-0.348833039723205,0.27403136261760297,0.0,1,0,-0.44367601921498523,-0.4030980326523833,-0.2894865815962649,0.45610942456132997,0.0007363237911269246,-0.6084626107337627,-0.19806617447838254
1,1,0.0,0,0,0.07475301799505071,1.0042885031482167,1.3991609648286465,0.27403136261760297,1.0,1,0,0.5465600597951991,-0.29507976113251155,0.4833077924637819,0.12858943974989231,0.5056508296014004,1.0796912012109918,1.4301737865149045
1,0,0.0,1,0,-0.3605835017438193,0.2109565376602673,-0.2257348703885676,-2.519220140427737,0.0,2,0,-0.23645846117028702,-0.2084070667070766,0.4506545090527939,-0.08945226424812681,-0.4180201413316465,-0.1072053341616591,-0.030021881570960886
1,1,1.0,0,0,0.9406004745144818,-0.5528923517928886,2.0638910792356886,0.27403136261760297,1.0,2,1,0.6155789514110186,-0.4416210812611524,0.777187343162673,0.5917249566278657,1.5056608264123676,1.1554768166448763,1.8182019134167788
1,1,3.0,1,1,0.3115512674492104,-0.5528923517928886,-0.23804468732203132,-4.38138780912463,1.0,2,1,0.02835528148621395,0.148502519643979,3.160877032164789,-0.7218192943073687,0.8470982190333332,0.3835679623935177,-0.04621953126101011
0,0,0.0,0,0,-0.17100702838168275,-0.5528923517928886,-0.10263670105393013,0.27403136261760297,0.0,1,0,-0.4221176707848691,-0.5165583915724171,-0.18064230355963862,0.891377945423464,0.05099222882730598,-0.5495570827836846,0.12527909011056515
1,1,0.0,0,0,-0.35920476375573107,0.48613191398500666,0.34051670855076466,0.27403136261760297,1.0,2,1,-0.10453423943375555,-0.3882306070056381,0.015277396906288787,0.4066712574130966,-0.41405682188539844,0.1534224074655019,0.6033307873125973
1,1,2.0,1,1,-0.5889369810209385,0.08251876964662665,-0.5827195614590162,0.27403136261760297,1.0,1,1,-0.510603429266689,-0.33057670236548264,-0.39288864573105997,0.22857407258748516,-1.2664178294173158,-0.8041999837392515,-0.5611607881529271
1,0,0.0,0,0,-0.30888082719050935,-0.5528923517928886,-0.7796766323944361,-0.6570524717308435,1.0,1,1,-0.5508242285766072,-0.2104099263386763,-0.3918002029506936,-0.08478753083158584,-0.27577611248699035,-0.9325660376245746,-0.9263899910562169
1,1,3.0,1,0,-0.0925913053091626,-0.5528923517928886,-0.6073391953259437,0.27403136261760297,0.0,1,0,-0.3489158160408181,-0.029694132626766026,-0.4037730735347225,-0.4487780721395467,0.21066088901372884,-0.3624075981889495,-0.6034095429937135
1,1,3.0,0,1,-0.004524416320024601,0.04829129057175143,0.5251639625527208,0.27403136261760297,1.0,1,1,0.0187022896518336,-0.3573228311900751,0.09691060543375855,0.3086264577266665,0.37270258050743293,0.3677758992112677,0.7737052280993167
1,0,0.0,0,0,-0.26579526506275103,-0.5528923517928886,-0.38576249052359624,2.136199031314496,1.0,2,0,-0.510603429266689,-0.47514271053189866,-0.4595557660284936,0.7194342066145615,-0.16625918872056342,-0.8041999837392515,-0.25128973871371224
1,0,0.0,0,0,-0.26579526506275103,1.05681582252055,0.38975597628461967,0.27403136261760297,1.0,2,0,0.25359175762175545,-0.07610082710019615,0.03704625251361397,-0.36515013364379423,-0.16625918872056342,0.7184665555566884,0.6501669297163808
1,1,1.0,0,1,-0.7397364484680926,0.4712209330018927,-0.42269194132398746,0.27403136261760297,1.0,2,0,-0.4668431996174981,-0.38593580195146093,-0.3221398650072528,0.3991760392342029,-2.263784783773449,-0.6739140496469959,-0.3059327640486645
1,1,3.0,0,0,-0.3662707959446834,0.8026513739447437,0.4389952440184746,-0.6570524717308435,0.0,1,0,0.03913445570127201,-0.3000239214134697,0.2547348085868666,0.1421110838263849,-0.43447421633575234,0.40104550244697323,0.6959563663011106
1,1,3.0,1,1,-0.3376619826918519,0.1811345756940394,-0.17649560265471262,0.27403136261760297,1.0,1,1,-0.22921871729450174,-0.2344395841047752,-0.2132955869706265,-0.02751740691157012,-0.35338139616256437,-0.09191565317435148,0.033517845908915725
0,0,0.0,0,0,-0.24925040920569186,-0.5528923517928886,-0.41038212439052374,0.27403136261760297,1.0,1,1,-0.49515864233168044,-0.4365102450018345,-0.3166976511054215,0.573075949023415,-0.12613355069936633,-0.7571682590042024,-0.2875560308656049
1,1,1.0,0,1,-0.4993190117952011,-0.5528923517928886,-0.21342505345510385,0.27403136261760297,1.0,1,1,-0.7286001615264452,-0.8535310514251204,-0.2296222286761204,3.3532600536390205,-0.8779475539996662,-1.6383781536978632,-0.013951273578280892
0,1,2.0,0,0,-0.674591078530922,0.0845520852352331,0.2789676238834459,0.27403136261760297,1.0,2,0,-0.5895970791113683,-0.8361876737080725,-0.011933672602867804,3.1479699913013364,-1.7551173165636504,-1.0653012035926175,0.5432387381544226
1,1,0.0,0,0,0.12197479408707383,0.2096009939345297,1.4853296833628928,0.27403136261760297,1.0,1,0,0.21337095831183736,-0.5293822401996191,0.5214032897766012,0.9481304054226307,0.5798557213142881,0.6629143331202778,1.4848168118498566
1,1,1.0,0,0,-0.22477780991712512,-0.5528923517928886,-1.1612809573318121,-1.5881363060792901,1.0,2,1,-0.47231322832364697,0.7548715335799376,-0.5126173515713488,-1.3048715091016643,-0.0685804988042061,-0.689709660764213,-1.8994432153931804
1,0,0.0,0,0,-0.5043169370020211,0.3048279406675984,-0.10263670105393013,0.27403136261760297,1.0,1,1,-0.32607040203278465,-0.40062713602576083,-0.18064230355963862,0.4477859235899029,-0.8972827989467174,-0.3076545600084177,0.12527909011056515
1,1,2.0,1,0,-0.3376619826918519,0.12487951107592765,-0.5580999275920887,0.27403136261760297,1.0,1,1,-0.2559253280362874,0.07108712535077925,-0.38200421792739725,-0.6116028146568954,-0.35338139616256437,-0.14895165785000386,-0.5197656021707086
1,1,0.0,0,0,-0.4812230757015426,0.16486805098518784,-0.4965508429247699,0.27403136261760297,1.0,1,1,-0.3709568140626533,-0.1788774274070116,-0.3547931484182408,-0.15637857637219627,-0.8098466842331378,-0.41680473705548504,-0.4197949453595222
1,0,0.0,0,0,0.5642050037663852,-0.5528923517928886,0.8082897520223868,0.27403136261760297,1.0,2,1,0.2642100486395738,-0.2743058063998014,0.2220815251758788,0.07313168745262658,1.1451004448839022,0.7328598203630268,1.0101920401964448
1,1,0.0,0,0,0.06941040829120868,0.8592453244942899,0.3774461593511559,0.27403136261760297,1.0,1,1,0.47271467226218944,0.13673129438588935,0.031604038611782674,-0.7057997441897197,0.4970327702949378,0.9950358033983342,0.6385578787446617
1,1,0.0,0,0,-0.4022903258834894,0.42987684936689496,-0.16418578572124887,0.27403136261760297,1.0,1,1,-0.17146164948545933,-0.17059237996830215,-0.20785337306879523,-0.1745546581745945,-0.5428404131222809,0.025762234017195944,0.04909960932922907
1,1,2.0,0,0,0.16506035621483212,1.3631687045372547,0.5374737794861845,-2.519220140427737,1.0,1,1,0.8012381610256007,0.32067194090387396,1.1254890328798772,-0.9303531364933272,0.6446624650435745,1.3452323418357475,0.7845752377590174
1,1,2.0,1,0,-0.3480025176025139,0.06388004341773419,-0.7796766323944361,0.27403136261760297,1.0,2,1,-0.29453729537380885,0.3089828120791744,-0.47996406816036097,-0.9175633778526509,-0.38221640220769404,-0.2346323106351352,-0.9263899910562169
1,0,0.0,0,0,-0.1997881838830253,-0.5528923517928886,-0.27497413812242255,0.27403136261760297,1.0,1,1,-0.44898516472389444,-0.4568880328397779,-0.256833298185277,0.6487015938462332,-0.011888133257795936,-0.6232598829550975,-0.09559522203619118
1,0,0.0,1,0,-0.28819975736918535,-0.5528923517928886,-1.4690263806684059,-3.4503039747761832,1.0,1,1,-0.5315182449078465,2.472564942395039,-0.5126173515713488,-1.952753446356388,-0.22226459399769102,-0.8698445674659268,-3.2799087509538967
1,0,0.0,0,1,0.25674643242270184,-0.5528923517928886,-0.21342505345510385,0.27403136261760297,1.0,2,0,-0.02280557523600191,0.058750789001588505,-0.2296222286761204,-0.5929218336703772,0.7743511717482884,0.2983003063031546,-0.013951273578280892
0,1,0.0,0,0,-0.48398055167771914,0.2272230623691189,-0.0903268841204664,0.27403136261760297,1.0,1,1,-0.3439284369263883,-0.4289660763740265,-0.17520008965780734,0.5459255079642676,-0.8200371983380079,-0.35031626615655026,0.14018091590547282
1,1,0.0,0,0,-0.571358071672813,-0.21502307815278365,-1.1612809573318121,0.27403136261760297,1.0,1,1,-0.6354487903246749,0.2192807843368522,-0.6486726991171318,-0.8130801518111804,-1.1823525253992453,-1.2355589945577308,-1.8994432153931804
1,1,0.0,1,0,-0.19030936021491848,-0.5528923517928886,-0.36114285665666873,-2.519220140427737,1.0,1,1,-0.44013658887571244,-0.38979810475606885,0.330925803212505,0.41181152770557977,0.00909720683239655,-0.5986627229530076,-0.21565419676392672
1,1,0.0,0,0,-0.6089286818482184,0.6471027314163504,-0.16418578572124887,0.27403136261760297,1.0,1,1,-0.26123447354519663,-0.28308603297793866,-0.20785337306879523,0.09630810486910435,-1.3677642509120969,-0.1605014372436572,0.04909960932922907
1,1,2.0,1,0,-0.17307513536381514,0.5528924424775851,-0.1395661518543214,-2.519220140427737,1.0,2,1,0.10091360344130626,0.147827381893009,0.5268455036784325,-0.7209072936365715,0.046555986513076984,0.49816754552194364,0.07991209997711027
1,0,0.0,0,0,-0.07742518744019167,0.7369075032464686,0.08201055294802602,0.27403136261760297,1.0,1,1,0.27756335401046667,0.1611302519530268,-0.09900909503216887,-0.7387272854422418,0.23977144492416666,0.7508038437620835,0.3381685307017204
1,1,0.0,0,0,1.4403929951964785,-0.5528923517928886,-0.21342505345510385,0.27403136261760297,1.0,2,1,1.0821402234060689,1.486959514793847,-0.2296222286761204,-1.6768802388967419,1.8848506664950637,1.5999296169137611,-0.013951273578280892
1,1,0.0,0,0,-0.11034255690579903,0.6613359405365956,-0.21342505345510385,0.27403136261760297,1.0,1,1,0.21095771035324226,0.3609038581012027,-0.2296222286761204,-0.9730385710810279,0.17589622789220458,0.6595278759248575,-0.013951273578280892
1,1,1.0,0,0,-0.38609015452345224,-0.20383984241544817,-0.5457901106586249,0.27403136261760297,1.0,2,1,-0.45719020778311775,-0.27352608848740656,-0.37656200402556594,0.07109178375230407,-0.4931844773464651,-0.6463623476638878,-0.499377453702394
1,1,2.0,0,0,1.0555527542713412,-0.171306792997745,0.9929370060243431,0.27403136261760297,1.0,2,1,0.9040425240617515,0.1206841967049892,0.3037147337033485,-0.6835484860184667,1.6012343775090427,1.4425372000689163,1.1509103898527338
1,0,0.0,1,1,0.35170701135228116,-0.5528923517928886,-0.29959377198935006,0.27403136261760297,1.0,0,0,0.06584106644305765,0.2622847424244998,-0.2677177259889397,-0.8646197420297335,0.8983611873265049,0.4436538808427735,-0.1291860073678539
1,1,2.0,0,0,-0.25717815263719934,0.6670970013709806,0.8821486536231693,0.27403136261760297,0.0,2,0,0.07662024065811571,-0.446793940998401,0.2547348085868666,0.6108148188484347,-0.14523393409189495,0.46057867927696083,1.067644178225261
1,1,3.0,1,0,-0.5551579003127759,-0.29737235949134483,-0.6196490122594074,2.136199031314496,1.0,1,1,-0.6594203867133861,-0.5578753506752563,-0.5371073141295899,1.0807919712108214,-1.1086338151499868,-1.331184729427441,-0.6248651528122243
1,0,0.0,0,0,0.004092696105527063,-0.5528923517928886,-0.10263670105393013,0.27403136261760297,1.0,2,1,-0.25866034238936186,-0.31926164846453975,-0.18064230355963862,0.19595625047592313,0.3877046198187005,-0.15489259222476137,0.12527909011056515
0,1,0.0,0,1,-0.40728825109030936,0.23772852624358556,-0.0657072502535389,0.27403136261760297,1.0,1,1,-0.2673480350403042,-0.3518016964766955,-0.16431566185414465,0.29175062632557675,-0.5584786162290353,-0.17389058477090052,0.16966332405591045
1,1,0.0,1,0,-0.29647218529771496,0.8412843701282663,0.09432036988148977,0.27403136261760297,0.0,0,0,0.12263283506866204,-0.016141735125675804,-0.09356688113033758,-0.47210386170360413,-0.24345328579625491,0.5311425232155449,0.35160459206230615
0,0,1.0,0,1,0.3720433966765831,-0.5528923517928886,-0.21342505345510385,0.27403136261760297,1.0,1,1,0.08482528371733901,0.1978701305209566,-0.2296222286761204,-0.7863530383478942,0.9237047357015377,0.4733593472170221,-0.013951273578280892
1,0,0.0,0,1,-0.04175034199840779,-0.5528923517928886,-0.3242134058562775,0.27403136261760297,1.0,1,1,-0.30145527285511475,-0.22132420872214692,-0.2786021537926023,-0.059077255954371945,0.3062137678838513,-0.2504089629451424,-0.1633366648296108
1,1,1.0,0,0,1.6011883130572724,-0.5528923517928886,0.5005443286857932,-2.519220140427737,1.0,0,1,1.2322442464306833,0.73023190371711,1.092835749468889,-1.2877997679582296,1.9898239766616368,1.722970048711334,0.7517906660971523
0,1,0.0,0,0,-0.3662707959446834,0.22078422967186515,0.11894000374841726,0.27403136261760297,1.0,1,1,-0.23710199395924572,-0.41694159342381865,-0.08268245332667498,0.5035570719822406,-0.43447421633575234,-0.10857051557566624,0.3782152519986402
1,1,1.0,0,0,-0.5305129587756982,-0.07912981964758602,-0.7304373646605812,0.27403136261760297,1.0,2,1,-0.5328053104857639,-0.22931297581929488,-0.45819521255303575,-0.03994150529755065,-1.0026668242842758,-0.87396087211152,-0.8288004989701405
1,1,0.0,0,0,0.047522942730307445,0.1730013133396136,0.3774461593511559,0.27403136261760297,1.0,0,0,0.1264940318024142,-0.18803379222192118,0.031604038611782674,-0.13598984991219648,0.46122990201651215,0.5369440610348424,0.6385578787446617
0,0,0.0,0,0,0.8816594255237085,-0.5528923517928886,1.4114707817621104,0.27403136261760297,1.0,2,1,0.5605568979550506,-0.2902876443426109,0.4887500063656132,0.11560384838061465,1.45433036609457,1.0953117900124099,1.4380697192739982
1,1,0.0,0,0,0.06458482533289975,0.35091642734267786,0.4389952440184746,0.27403136261760297,1.0,0,1,0.22688514687996983,-0.1288003830706361,0.05881510812093926,-0.26248484389127597,0.48920830658970416,0.6817654544111993,0.6959563663011106
0,0,0.0,0,0,-0.19410088968216122,-0.5528923517928886,-1.2351398589325946,0.27403136261760297,1.0,1,1,-0.44367601921498523,1.1489537712559281,-0.6813259825281196,-1.5321922465157007,0.0007363237911269246,-0.6084626107337627,-2.155901495923091
0,0,0.0,0,0,-0.5437833119110478,2.490303312488096,-0.0903268841204664,0.27403136261760297,0.0,1,1,0.6746230847979784,0.7914751311937374,-0.17520008965780734,-1.329507811079158,-1.0588458568496972,1.2179471414365903,0.14018091590547282
1,1,2.0,0,0,-0.4024626681320004,-0.5528923517928886,-0.7796766323944361,0.27403136261760297,1.0,1,1,-0.6381838046777494,-0.3874534021458908,-0.47996406816036097,0.4041287802276644,-0.5433771053797984,-1.2462242585832484,-0.9263899910562169
1,1,0.0,1,0,-0.17100702838168275,0.12962391411600938,0.6113326810869669,0.27403136261760297,1.0,0,1,-0.09809891154416865,-0.49203042971920546,0.13500610274657765,0.7875455203498278,0.05099222882730598,0.16524823584505025,0.8486114498585654
0,0,0.0,0,0,-0.27579111547639096,-0.5528923517928886,-0.6319588291928712,0.27403136261760297,1.0,0,1,-0.5199346547065901,-0.3031334624116522,-0.41465750133838514,0.15068060535478914,-0.19100247117902378,-0.8332018714852637,-0.6465478103361433
1,0,0.0,0,0,-0.2459759064839822,0.002880575759540744,-0.21342505345510385,0.27403136261760297,1.0,0,1,-0.22825341811106373,-0.20680287186572577,-0.2296222286761204,-0.09317672030594391,-0.11831082606072472,-0.089886486904795,-0.013951273578280892
1,1,1.0,0,1,0.8997553616173669,0.7518184842295825,0.19279890534919972,-2.519220140427737,0.0,2,0,1.1968499430379556,1.0192006219175471,0.8207250543773233,-1.4656909563573344,1.470266973905402,1.6946816523865516,0.45603442803358146
1,1,0.0,0,0,0.13576217396795648,0.31770560606210585,0.4636148778854021,0.27403136261760297,1.0,0,0,0.27756335401046667,-0.09652818758987707,0.06969953592460186,-0.3263783825297114,0.6008830642597053,0.7508038437620835,0.7184729886653072
1,0,0.0,0,1,2.5633750864943714,-0.5528923517928886,6.224609202746434,2.136199031314496,1.0,2,1,2.130455136619775,-0.5322202396352387,1.7322958829340689,0.9609301632858336,2.504467095593226,2.326189204842662,3.3186919856807466
1,0,0.0,0,0,-0.5649814084779048,0.10081860994408468,-0.8658453509286823,0.27403136261760297,1.0,2,1,-0.4795529721994322,0.055639951707887866,-0.5180595654731802,-0.5881593652922419,-1.1529258133564135,-0.7108239062833617,-1.1092238715861429
1,0,0.0,0,0,-0.44365246552613735,-0.5528923517928886,-0.9150846186625373,0.27403136261760297,1.0,1,1,-0.676634888818031,-0.3261193192879744,-0.5398284210805055,0.21563887865823977,-0.6771483223965,-1.4030190503041535,-1.2215255105402574
1,1,0.0,0,1,-0.3159468593794617,-0.5528923517928886,-1.4690263806684059,-3.4503039747761832,1.0,1,1,-0.5574204396634337,2.3024858287300756,-0.5126173515713488,-1.9157726891956943,-0.29448052794507884,-0.9544896994661657,-3.2799087509538967
1,0,0.0,0,0,-0.06846339051761793,-0.5528923517928886,-0.5211704767916975,0.27403136261760297,1.0,1,1,-0.326392168427264,-0.08416264224150466,-0.36567757622190333,-0.3499978537749963,0.25672557099456866,-0.3084146512908605,-0.4591998523942291
1,1,3.0,0,0,-0.22270970293499273,2.0734736168237746,1.7930751066994863,0.27403136261760297,1.0,1,0,0.7764621486506912,-0.28152188318636995,0.6574586373223841,0.09215150874219427,-0.06381112141471032,1.3210007807368107,1.668871532354468
0,1,0.0,0,0,-0.12223417205306032,-0.5528923517928886,-0.7427471815940448,0.27403136261760297,1.0,0,0,-0.3765877259660418,0.0893319909695,-0.463637426454867,-0.6386447418264053,0.15217412854189374,-0.43096060705831574,-0.8527655910562316
1,1,2.0,0,1,-0.34059180091653946,0.6332084082275398,-0.6935079138601898,0.27403136261760297,1.0,2,1,-0.017335546529853044,0.6939849395293518,-0.4418685708475418,-1.261938279812514,-0.3614982890422875,0.3076057430854745,-0.7585424611983882
1,0,0.0,0,0,1.6728826884378623,-0.5528923517928886,1.2022038938932267,0.27403136261760297,0.0,1,0,1.2991716564823872,0.285287823958225,0.396232370034481,-0.8910768622532693,2.0344812249347553,1.7753133262710958,1.2995164946509343
1,1,2.0,1,0,-0.18824125323278607,-0.06828546984168496,-0.18880541958817637,0.27403136261760297,1.0,0,0,-0.20814301845610467,-0.19896037181947213,-0.2187378008724578,-0.1112354074072803,0.013639199999878318,-0.04810769470409752,0.01781668083853799
1,1,2.0,0,0,-0.04312907998649605,0.15300704338498355,0.5005443286857932,0.27403136261760297,1.0,0,0,0.03237736141720576,-0.33443993589452425,0.08602617763009575,0.2398767730420559,0.3036969390965301,0.39010864347444174,0.7517906660971523
1,0,0.0,0,0,0.021499263205141426,-0.5528923517928886,0.2912774408169097,0.27403136261760297,1.0,2,1,-0.2424111394681549,-0.5000152778950646,-0.006491458701036508,0.8206905331821966,0.41758313664332175,-0.11987163684344686,0.5553989638477863
1,0,0.0,0,1,0.28569993017255546,-0.5528923517928886,0.3774461593511559,-2.519220140427737,1.0,1,1,0.004222801900263072,-0.30272778191612926,0.983991471432263,0.1495597164806087,0.8131984679266293,0.3438336717687824,0.6385578787446617
1,1,0.0,0,0,-0.44709931049635804,0.13640163274469755,-0.27497413812242255,0.27403136261760297,1.0,1,1,-0.35261612957733063,-0.32722024304582437,-0.256833298185277,0.21882325842887446,-0.6888708121775223,-0.37142962450349487,-0.09559522203619118
1,1,2.0,0,0,1.1141491187650925,-0.5528923517928886,0.5251639625527208,-2.519220140427737,1.0,2,1,0.7775883310313688,0.3088537881655855,1.1146046050762146,-0.9174212004513284,1.6478249974348682,1.3221090868952479,0.7737052280993167
0,1,0.0,0,0,-0.5105212579484183,0.9673499366218661,-0.5457901106586249,0.27403136261760297,1.0,1,1,-0.017335546529853044,0.448517850580934,-0.37656200402556594,-1.0593936602480847,-0.921617436616529,0.3076057430854745,-0.499377453702394
0,1,2.0,0,0,1.6499611693858949,-0.5528923517928886,-0.9150846186625373,0.27403136261760297,1.0,2,1,1.2777741912495106,4.257112874150317,-0.5398284210805055,-2.2055478743266326,2.020339909655827,1.7587381269623956,-1.2215255105402574
1,1,1.0,0,0,-0.6470163187691567,-0.06997989949885701,-1.407477296001087,0.27403136261760297,1.0,2,1,-0.6372185054943112,1.256833803827155,-0.7575169771537581,-1.5824459430809656,-1.5808173105615915,-1.2424530648324819,-2.9195101797937952
0,0,0.0,0,0,0.8113437881312069,0.011691609976835354,0.9929370060243431,0.27403136261760297,1.0,0,0,0.7629479600825586,0.01774466414172242,0.3037147337033485,-0.5284070654416269,1.3908408652279707,1.3076493687688588,1.1509103898527338
1,1,0.0,0,0,-0.0744953692155041,-0.27161702870232984,-0.23804468732203132,0.27403136261760297,1.0,1,1,-0.1984900266217243,-0.14940002727229307,-0.24050665647978312,-0.21990731963980154,0.24533408193530526,-0.028382194952130055,-0.04621953126101011
1,0,0.0,0,0,0.16971359692463003,-0.5528923517928886,-0.3242134058562775,0.27403136261760297,0.0,0,0,-0.10405158984203654,0.05329295159329523,-0.2786021537926023,-0.5845523177856097,0.6515059122685128,0.15431195586729715,-0.1633366648296108
1,1,0.0,0,1,-0.467952722566193,0.7179298910861418,0.09432036988148977,0.27403136261760297,1.0,0,1,-0.0960074299800529,-0.25226619927928606,-0.09356688113033758,0.016586616056647664,-0.7616993015559348,0.1690755068655493,0.35160459206230615
1,0,0.0,0,0,0.6676103528730051,-0.5528923517928886,1.2268235277601542,0.27403136261760297,1.0,2,0,0.36073996698337735,-0.3594748351648545,0.40711679783814353,0.3152551204207361,1.2525828151110352,0.8588411504972101,1.3163116052040484
1,1,2.0,1,0,-0.518966028125459,-0.5528923517928886,-0.38576249052359624,0.27403136261760297,1.0,0,0,-0.7469408460117679,-0.8184701138928507,-0.30581322330175886,2.95204352456975,-0.955350505664623,-1.7291030491989254,-0.25128973871371224
1,0,0.0,0,0,-0.35127702032422353,-0.5528923517928886,-1.1612809573318121,0.27403136261760297,1.0,2,1,-0.5904014950975666,0.367175665784647,-0.6486726991171318,-0.9795128176622361,-0.3914577444371679,-1.0681578173218311,-1.8994432153931804
1,1,3.0,0,0,5.981438901213694,-0.5528923517928886,5.609118356073247,-2.519220140427737,0.0,1,1,5.3212515874742,0.4090351991944248,5.609873287988881,-1.02154218818018,3.591845864381348,3.6007184449599983,3.154947387748335
1,1,1.0,0,0,0.12197479408707383,-0.5528923517928886,0.19279890534919972,0.27403136261760297,1.0,0,1,-0.14861623547742583,-0.361206625345742,-0.050029169915687094,0.3206103477175622,0.5798557213142881,0.07032993777720146,0.45603442803358146
1,1,1.0,0,0,0.7317216693191095,-0.5528923517928886,0.5251639625527208,0.27403136261760297,1.0,2,1,0.42058851635653555,-0.00453309297713465,0.09691060543375855,-0.4917109385094908,1.3157434033963875,0.9328724070412484,0.7737052280993167
1,0,0.0,0,1,-0.39849879641624664,0.15300704338498355,-0.29959377198935006,0.27403136261760297,1.0,0,1,-0.299363791290999,-0.23730064579944965,-0.2677177259889397,-0.02053405216546657,-0.5310788480185723,-0.2456251570033316,-0.1291860073678539
1,1,0.0,0,0,-0.12223417205306032,1.3533410125256569,1.3622315140282553,0.27403136261760297,1.0,1,1,0.5283802585071161,-0.29435358194619615,0.46698115075828805,0.1266140846674555,0.15217412854189374,1.0592046631247993,1.4063017648571794
1,1,0.0,1,0,-0.5910050880030708,-0.20011209716966968,-0.5704097445255525,0.27403136261760297,1.0,1,1,-0.6467106141314519,-0.5689816865633983,-0.38744643182922867,1.135118705445859,-1.2766069811446394,-1.2798725994704678,-0.5403586600862036
1,1,0.0,0,0,0.45511236045890113,-0.5528923517928886,1.6084278526975302,0.27403136261760297,1.0,2,0,0.16237098478686116,-0.5897234243100457,0.5758254287949142,1.240818409703434,1.0232201457612073,0.5900025111300652,1.5604339543409311
1,1,1.0,0,0,-0.37971349132854404,-0.11911835955684617,-0.2872839550558863,0.27403136261760297,0.0,1,0,-0.41101673017533175,-0.3979839091768421,-0.2622755120871083,0.4389296607519552,-0.4740571911648916,-0.5199370918500478,-0.1123217803547203
1,1,2.0,0,0,-0.19392854743365018,-0.06252440900730002,0.1681792714822722,0.27403136261760297,1.0,0,1,-0.2107171496119394,-0.41319047269007314,-0.06091359771934969,0.4905621442111725,0.0011173205604991282,-0.05340332973138088,0.4304216943389915
1,1,0.0,0,0,0.6946680858892373,-0.5528923517928886,-0.8535355339952185,-2.519220140427737,1.0,2,1,0.3859986289500059,1.931340102430133,-0.10445130893400018,-1.8217693198943115,1.279546335001235,0.8904454042337858,-1.0820845077337395
1,1,0.0,0,0,-0.27320598174872546,0.5200205071284475,0.4636148778854021,0.27403136261760297,1.0,0,1,-0.008165204287191714,-0.3542414032995351,0.06969953592460186,0.2991847635173406,-0.18456628875971842,0.3231024009239577,0.7184729886653072
0,1,0.0,0,0,-0.12223417205306032,-0.5528923517928886,-0.39807230745705996,0.27403136261760297,1.0,0,0,-0.3765877259660418,-0.27089454053307405,-0.31125543720359017,0.06422884088201458,0.15217412854189374,-0.43096060705831574,-0.26934264858272655
1,1,0.0,0,0,-0.49173595286071564,0.5766144576779936,-0.18880541958817637,0.27403136261760297,1.0,0,1,-0.18529760444807117,-0.1698891188217052,-0.2187378008724578,-0.17608576633335468,-0.8490537139844615,-0.0017577273994613153,0.01781668083853799
1,0,0.0,0,0,-0.5265490870599444,-0.5528923517928886,-1.0012533371967836,2.136199031314496,0.0,1,0,-0.7540197066903136,-0.41381662427345817,-0.663638787347168,0.4927240793346777,-0.9862644809562453,-1.7653376774337122,-1.4342043120137409
1,1,2.0,0,0,0.4666592911091404,-0.5528923517928886,0.6851915826877495,0.27403136261760297,1.0,1,1,0.1731501590019192,-0.2951821246994051,0.16765938615756565,0.12886810786323552,1.0365723260975008,0.6056527562391287,0.9107068689971377
1,1,0.0,1,1,-0.5984158046890453,0.04659686091457939,-0.6073391953259437,0.27403136261760297,1.0,0,1,-0.5365056240222763,-0.35383968106309815,-0.4037730735347225,0.2979581577765659,-1.313664605230631,-0.8858462158576369,-0.6034095429937135
1,1,3.0,1,0,-0.3050892977232666,-0.5528923517928886,-0.7796766323944361,-2.519220140427737,1.0,0,0,-0.5472847982373343,-0.20323689416969146,-0.03914474211202439,-0.10141856862279572,-0.265829699371472,-0.9209077316930148,-0.9263899910562169
1,1,0.0,0,0,0.07165085752185212,1.3533410125256569,0.5251639625527208,0.27403136261760297,1.0,1,1,0.7093738554017477,0.24897274372912145,0.09691060543375855,-0.8489614829230356,0.5006524917001608,1.2537574420165172,0.7737052280993167
1,1,0.0,1,1,-0.16342396944719728,-0.30347230625716415,-0.7058177307936536,0.27403136261760297,1.0,1,0,-0.29662877693792455,0.19051535131962516,-0.4473107847493731,-0.7770007418422447,0.06715322359797482,-0.2393879073710704,-0.7816951596907966
1,1,0.0,0,0,-0.3093978539360424,0.11267961754428896,-0.348833039723205,0.27403136261760297,1.0,0,1,-0.2353322787896093,-0.10826448666270631,-0.2894865815962649,-0.3035262674903689,-0.27713728190489634,-0.10481867369821292,-0.19806617447838254
1,1,2.0,0,0,-0.5596387987740628,-0.004236028800581826,-0.5334802937251613,0.27403136261760297,1.0,0,1,-0.5244393842293008,-0.39349979694899995,-0.37111979012373464,0.42401718886170736,-1.1286840595983392,-0.8473662066184475,-0.4791901769577213
1,1,3.0,0,0,0.03856114580773372,3.276518673415923,4.316587578059554,0.27403136261760297,0.0,1,0,1.591496425866872,-0.4543878700963096,1.7731124871978037,0.6392381516239192,0.44633428321202073,1.988109757262389,2.7615019739480453
1,1,1.0,0,0,-0.26579526506275103,-0.5528923517928886,-0.348833039723205,0.27403136261760297,1.0,1,1,-0.510603429266689,-0.4978090404760942,-0.2894865815962649,0.8114704817446381,-0.16625918872056342,-0.8041999837392515,-0.19806617447838254
1,0,0.0,1,0,-0.5100042312028852,-0.06116886528156238,-0.5211704767916975,2.136199031314496,0.0,2,0,-0.5051334005605401,-0.3718223293712314,-0.5044540307186018,0.3538510742885023,-0.9195752446581588,-0.7874066536872242,-0.4591998523942291
1,1,1.0,0,0,0.19091169349148712,1.90403065110657,0.4389952440184746,0.27403136261760297,0.0,2,0,1.0821402234060689,0.6511690512314242,0.05881510812093926,-1.2301840317635853,0.6823137082307361,1.5999296169137611,0.6959563663011106
1,0,0.0,0,0,-0.5818709488319861,1.1628871190595196,-0.9520140694629285,0.27403136261760297,1.0,0,0,0.008888414620213574,1.3993810292026991,-0.5561550627859994,-1.6428038131865215,-1.2320901200346166,0.3515820744472942,-1.3099849459777468
1,1,0.0,0,0,-0.11930435382837275,-0.5528923517928886,-0.8781551678621461,-2.519220140427737,1.0,1,1,-0.3738527116129674,0.31260505933262805,-0.12622016454132545,-0.9215459017735105,0.15805168963302615,-0.4240714496770538,-1.1367275330686901
1,1,1.0,0,0,4.921017046125306,-0.5528923517928886,1.423780598695574,0.27403136261760297,1.0,1,0,4.331337274858495,2.0863724016913885,0.4941922202674445,-1.8635040582529416,3.326636410338787,3.2898633743671475,1.4459353412761282
0,1,0.0,0,0,-0.28733804612663016,-0.5528923517928886,-0.44731157519091497,0.27403136261760297,1.0,1,1,-0.5307138289216481,-0.4651340800668279,-0.33302429281091545,0.6802923424787816,-0.22007361251474597,-0.8672764927115508,-0.34318819067081896
1,1,0.0,0,1,5.834603305482293,1.05681582252055,-0.29959377198935006,0.27403136261760297,1.0,1,1,5.948374290314444,8.309350881200045,-0.2677177259889397,-2.432769254001337,3.557660255407645,3.7737793076667527,-0.1291860073678539
1,1,1.0,0,1,-0.5367172797220954,-0.5528923517928886,-0.9643238863963922,-0.6570524717308435,0.0,0,0,-0.7635118153274543,-0.4800507265091485,-0.48976005318365734,0.7389570528542747,-1.0286851329162152,-1.8150594145686747,-1.3403409384583498
1,1,0.0,0,0,-0.5013871187773336,0.17164576961387598,-1.0628024218641021,0.27403136261760297,1.0,0,1,-0.3865624841949015,0.7070242609736128,-0.6051349879024812,-1.2713464572309017,-0.8859198085490833,-0.456304107785978,-1.6008808777391048
1,1,0.0,0,0,0.6955297971317925,-0.5528923517928886,0.5374737794861845,-2.519220140427737,1.0,0,1,0.3868030449362043,-0.04119851370243243,1.1254890328798772,-0.4285986100665821,1.2803975675465513,0.8914431437522372,0.7845752377590174
1,0,0.0,1,0,-0.07018681300272828,-0.5528923517928886,-1.1859005911987397,0.27403136261760297,1.0,0,1,-0.32800100039966074,1.3361732454371698,-0.6595571269207945,-1.616830176173853,0.25347919074130676,-0.31221977115901206,-1.981413826588388
1,0,0.0,0,0,1.1560282851532735,-0.5528923517928886,0.24203817308305467,0.27403136261760297,1.0,1,0,0.8166829479606093,0.580850274120285,-0.028260314308361803,-1.1749791231461857,1.6803053066582545,1.3601796332600582,0.5063189642507444
1,1,0.0,1,0,0.1276620882879379,-0.5528923517928886,0.19279890534919972,0.27403136261760297,1.0,2,0,-0.14330708996851663,-0.3557596040424193,-0.050029169915687094,0.30382932622857084,0.5885632683467112,0.0805361544342445,0.45603442803358146
1,0,0.0,0,0,-0.24718230222355944,-0.5528923517928886,-0.8412257170617549,0.27403136261760297,1.0,1,1,-0.4932280439648044,-0.010929274548333454,-0.5071751376695175,-0.48094974672789687,-0.12118840049265638,-0.7513719912122089,-1.0552999169781205
1,0,0.0,0,0,-0.18979233346938537,-0.5528923517928886,-0.29959377198935006,0.27403136261760297,1.0,0,1,-0.43965393928399343,-0.42921186101146913,-0.2677177259889397,0.5468030544319001,0.010233923761090022,-0.5973303638846299,-0.1291860073678539
1,1,1.0,0,0,-0.3735091703821468,0.3224500091021876,0.31589707468383715,0.27403136261760297,1.0,1,0,-0.1955941290714102,-0.4648262534189343,0.004392969102626085,0.6791024962328691,-0.45566543307721163,-0.022505084344333383,0.5795050303063152
1,0,0.0,0,0,0.5240492598633144,0.7179298910861418,0.5251639625527208,0.27403136261760297,1.0,0,1,0.8300362533315021,0.3548944025200363,0.09691060543375855,-0.9667904993321617,1.101318209600009,1.3730067489139517,0.7737052280993167
0,0,0.0,1,0,-0.5834220290685854,0.2485728760494866,-0.29959377198935006,0.27403136261760297,1.0,2,1,-0.42662240030758,-0.411385245836958,-0.2677177259889397,0.4843452941100206,-1.2395621527826735,-0.561712558096445,-0.1291860073678539
0,1,0.0,0,0,-0.32335757606543614,0.4014104311264047,-0.38576249052359624,0.27403136261760297,1.0,1,1,-0.1112913337178218,0.10493803496972345,-0.30581322330175886,-0.6612379125891248,-0.31433699531100506,0.14092387853931856,-0.25128973871371224
1,0,0.0,0,1,0.9836860366422402,-0.5528923517928886,-0.7550569985275086,0.27403136261760297,1.0,2,0,0.6557997507209368,2.148519875126463,-0.4690796403566983,-1.8791960767929852,1.5421603194976734,1.1982582949319027,-0.8770143002810376
1,1,1.0,1,0,-0.4639888508504393,0.2943224767931317,-0.6688882799932624,0.27403136261760297,1.0,1,1,-0.2934111129931311,0.14498121294284105,-0.4309841430438791,-0.7170535385529117,-0.7475962960528124,-0.23207662914390104,-0.7130074313703013
1,0,2.0,0,0,-0.063637807559309,-0.5528923517928886,0.2666578069499822,0.27403136261760297,0.0,1,1,-0.3218874389045532,-0.5683485526747316,-0.017375886504699102,1.1319803133168573,0.265780282458687,-0.29780151918537867,0.5310059136687214
1,1,3.0,1,0,-0.224088440923081,-0.5528923517928886,-0.21342505345510385,-2.519220140427737,1.0,2,0,-0.4716696955346883,-0.5214330119536242,0.46153893685645675,0.9127441986504621,-0.0669891140267939,-0.6878443802480687,-0.013951273578280892
1,1,1.0,1,0,-0.30888082719050935,-0.18587888804942457,-0.11494651798739389,0.27403136261760297,1.0,2,1,-0.3765877259660418,-0.45501032330105623,-0.18608451746146992,0.6415892838210736,-0.27577611248699035,-0.43096060705831574,0.11026809245771321
1,1,2.0,1,0,-0.2370141095614085,-0.5528923517928886,-0.25035450425549505,0.27403136261760297,1.0,1,1,-0.48373593532766374,-0.5173226220353064,-0.2459488703816144,0.8947111873937283,-0.09709627370750715,-0.7231333305672999,-0.06254624724919318
0,0,0.0,1,0,-0.15239406554249116,-0.5528923517928886,-0.29959377198935006,0.27403136261760297,1.0,1,1,-0.4047422854829845,-0.3814541388772853,-0.2677177259889397,0.3846404241843426,0.09037032855901167,-0.503401556329687,-0.1291860073678539
0,0,0.0,0,0,-0.35300044280933385,-0.5528923517928886,-0.7919864493278999,0.27403136261760297,1.0,2,1,-0.5920103270699634,-0.280656734557211,-0.48540628206219233,0.08985766448966709,-0.3963432991493384,-1.0738842325449223,-0.9515313128045515
1,0,0.0,1,0,-0.22701825914776858,0.3048279406675984,-1.0997318726644933,0.27403136261760297,1.0,0,1,-0.06720933767415152,1.7724651464506083,-0.6214616296079751,-1.774702637939248,-0.07376354229512112,0.22098910923674486,-1.707809069301063
1,0,0.0,0,0,-0.4848422629202743,-0.5528923517928886,-1.0504926049306385,0.27403136261760297,1.0,2,1,-0.7150859729583128,-0.24191490044914002,-0.59969277400065,-0.009195586424773201,-0.8232351934346964,-1.5742491626438875,-1.5664432265076582
1,0,0.0,0,0,-0.32301289156841406,-0.5528923517928886,-0.21342505345510385,0.27403136261760297,1.0,1,0,-0.5640166507502603,-0.640796991074876,-0.2296222286761204,1.5273859661336753,-0.3134079115930085,-0.9766747049036827,-0.013951273578280892
0,0,0.0,0,0,0.8113437881312069,-0.5528923517928886,0.8575290197562419,0.27403136261760297,1.0,1,0,0.49491655348126423,-0.11747131922141404,0.243850380783204,-0.28529513022211034,1.3908408652279707,1.0208950112250887,1.0486718943868352
1,1,3.0,0,0,-0.3209447845862817,-0.1292849374998784,-0.2011152365216401,0.27403136261760297,0.0,1,0,-0.36098205583379356,-0.38596581308811834,-0.22418001477428912,0.3992738307347216,-0.3078447968963064,-0.3919899230350195,0.0019942700498869806
1,1,1.0,0,1,0.4299503921762903,-0.5528923517928886,1.1775842600262991,0.27403136261760297,1.0,2,1,0.13888203798986898,-0.4946861574857532,0.38534794223081814,0.7985008563977687,0.9937294890647197,0.5554361710939931,1.2825825799576525
1,1,3.0,1,1,0.07078914627929694,-0.5528923517928886,-0.17649560265471262,0.27403136261760297,1.0,0,1,-0.19639854505760856,-0.19299651292984368,-0.2132955869706265,-0.12480455559475064,0.4992612675432054,-0.02413575428059973,0.033517845908915725
1,1,0.0,0,0,-0.3652367424536172,0.47088204707045833,-0.0903268841204664,0.27403136261760297,1.0,2,1,-0.11740489521292935,-0.15754272773156694,-0.17520008965780734,-0.20267199366079425,-0.4314698558769571,0.1295429012942155,0.14018091590547282
1,1,3.0,1,0,-0.2485610402116477,-0.21976748119286535,-0.5457901106586249,0.27403136261760297,1.0,1,1,-0.33636692665612367,-0.07518848854581049,-0.37656200402556594,-0.366852828817876,-0.1244834554313457,-0.33213278848201433,-0.499377453702394
1,1,0.0,0,0,-0.8862273597024708,0.05710232478904604,-0.11494651798739389,0.27403136261760297,1.0,0,0,-0.8001931842980996,-0.970099242417516,-0.18608451746146992,5.217412165535751,-5.26707631775263,-2.020753794454808,0.11026809245771321
1,1,0.0,0,0,-0.26975913677850477,0.04863017650318584,-0.16418578572124887,0.27403136261760297,1.0,1,1,-0.22873606770278274,-0.24236252418233556,-0.20785337306879523,-0.00809063488985525,-0.17602509533575592,-0.09090079348591577,0.04909960932922907
1,1,2.0,0,1,-0.05036745442395945,-0.5528923517928886,-0.8904649847956098,0.27403136261760297,0.0,1,0,-0.30949943271709834,0.4824397718018965,-0.5289439932768428,-1.090612537610282,0.290417736008607,-0.26892367472792067,-1.1646054054947252
0,1,2.0,0,0,-0.17393684660637032,0.25467282281530595,-0.21342505345510385,0.27403136261760297,1.0,1,1,-0.04146802611580392,0.03462845175757253,-0.2296222286761204,-0.5554325051182274,0.04470388782092737,0.2661975499405164,-0.013951273578280892
1,1,0.0,0,0,-0.5293065630361209,-0.5528923517928886,-1.0381827879971748,0.27403136261760297,0.0,2,0,-0.7565938378461483,-0.37397136213736715,-0.5942505600988187,0.3606681591954584,-0.9976568457300591,-1.77869080003927,-1.5325748187901804
1,1,2.0,0,0,-0.22115862269839343,0.02897479247999017,-0.348833039723205,0.27403136261760297,1.0,1,1,-0.19269823152109608,-0.04793175331346756,-0.2894865815962649,-0.41662282598709316,-0.06024346637267164,-0.016646474639992245,-0.19806617447838254
1,0,0.0,0,0,-0.4000498766528459,0.39293828284054444,-0.0041581655862201914,0.27403136261760297,1.0,1,1,-0.1869064364204679,-0.2948153219180366,-0.13710459234498804,0.12786979699971077,-0.5358798717532725,-0.004984294572399351,0.2415651581575886
1,1,0.0,0,0,0.39393086223748436,-0.21061756104413634,0.3774461593511559,0.27403136261760297,1.0,1,1,0.26774947897884666,-0.05553205149624383,0.031604038611782674,-0.40295538460649705,0.9505367376199811,0.7376329445161234,0.6385578787446617
1,1,0.0,0,0,0.16506035621483212,-0.5528923517928886,-0.2011152365216401,0.27403136261760297,1.0,1,1,-0.10839543616750769,-0.0620331067920278,-0.22418001477428912,-0.3911368466216983,0.6446624650435745,0.14629067216952496,0.0019942700498869806
1,1,0.0,0,0,-0.3519663893182677,-0.5528923517928886,0.31589707468383715,0.27403136261760297,1.0,0,0,-0.5910450278865252,-0.8466808948041018,0.004392969102626085,3.270490960861048,-0.39341016279414387,-1.0704462694751513,0.5795050303063152
1,1,0.0,1,1,-0.09603815027938327,-0.5528923517928886,-0.07801706718700264,0.27403136261760297,1.0,2,0,-0.35213347998561156,-0.4454117855903457,-0.16975787575597592,0.6056927909223052,0.20396975383253663,-0.37025035517740146,0.15497514635205356
1,1,2.0,0,0,0.16506035621483212,0.02151930198843319,0.8082897520223868,0.27403136261760297,1.0,1,1,0.16430158315373722,-0.352403358592897,0.2220815251758788,0.2935806046543971,0.6446624650435745,0.592815232288915,1.0101920401964448
1,0,0.0,0,1,0.19091169349148712,-0.5528923517928886,0.6851915826877495,0.27403136261760297,1.0,0,1,-0.08426295658155682,-0.5064605267676833,0.16765938615756565,0.8479015073169601,0.6823137082307361,0.1904221300811854,0.9107068689971377
1,1,1.0,0,0,-0.48277415593814194,0.14317935137338572,-0.4965508429247699,0.27403136261760297,1.0,1,1,-0.38270128746114934,-0.1974150756654061,-0.3547931484182408,-0.11476477115958901,-0.8155707986875855,-0.4464527386209806,-0.4197949453595222
1,1,0.0,0,1,-0.2716549015121262,-0.5528923517928886,-1.2597594927995222,-2.519220140427737,1.0,0,1,-0.5160734579728379,0.9850643830714712,-0.463637426454867,-1.4469682767307193,-0.18071706498669868,-0.8211462278449044,-2.2490535374055995
1,0,0.0,1,0,-0.36247926647744066,0.3275332980737037,-0.29959377198935006,0.27403136261760297,1.0,0,1,-0.18288435648947607,-0.07796151757295657,-0.2677177259889397,-0.3616699707687511,-0.42348590930641206,0.0030716589603344705,-0.1291860073678539
0,0,0.0,0,0,0.5240492598633144,-0.5528923517928886,1.669976937364849,0.27403136261760297,1.0,1,1,0.22672426368273016,-0.5655996152037593,0.6030364983040709,1.118412692638865,1.101318209600009,0.6815421556552549,1.5972211545966473
1,1,1.0,0,0,-0.3683389029268158,0.04998572022892347,-0.05339743332007517,0.27403136261760297,1.0,1,1,-0.32011772373491676,-0.42081731735786343,-0.15887344795231334,0.5170936806530049,-0.44050004530900383,-0.2936485773523333,0.18424695868388416
1,1,1.0,0,0,0.03580366983155718,-0.12589607818553433,0.31589707468383715,0.27403136261760297,1.0,0,1,-0.026345005575274708,-0.30139619534847206,0.004392969102626085,0.14588664986214012,0.44172275982885106,0.2922542530615798,0.5795050303063152
1,1,0.0,0,1,0.07819986296527137,-0.5528923517928886,1.3622315140282553,0.27403136261760297,1.0,2,0,-0.18948056757630263,-0.7564733025484791,0.46698115075828805,2.358297109719755,0.5111861464458323,-0.010158465701391003,1.4063017648571794
0,0,0.0,0,1,-0.31525749038541756,-0.5528923517928886,-0.27497413812242255,0.27403136261760297,1.0,2,1,-0.556776906874475,-0.6019254604891081,-0.256833298185277,1.305732476359832,-0.2926459765812604,-0.9523394005797071,-0.09559522203619118
0,0,1.0,0,0,-0.25511004565506695,-0.5528923517928886,-0.39807230745705996,0.27403136261760297,1.0,0,1,-0.5006286710378294,-0.4526977190985232,-0.31125543720359017,0.6328705326639574,-0.1402290315122043,-0.7736897352047143,-0.26934264858272655
1,1,1.0,0,0,-0.3407641431650505,-0.5528923517928886,-0.5950293783924799,0.27403136261760297,1.0,1,1,-0.5805876200659466,-0.4396107198632671,-0.3983308596328912,0.5843643790103915,-0.36197704798719305,-1.0336031518059756,-0.5821762751010197
1,1,2.0,0,0,0.0907808471065768,1.141537305379152,-0.29959377198935006,0.27403136261760297,1.0,0,1,0.6266798920205561,1.0294894399349348,-0.2677177259889397,-1.4712287703369569,0.5312278570031674,1.1673830980452746,-0.1291860073678539
1,1,1.0,1,0,-0.4794996532164323,0.1191184502415427,-0.05339743332007517,-2.519220140427737,1.0,2,0,-0.3910672137176123,-0.5040081881722479,0.6030364983040709,0.8374992880949499,-0.8035106661337749,-0.46786366966434917,0.18424695868388416
1,0,0.0,0,0,-0.40108393014391214,1.379096343314672,0.13124982068188099,-4.38138780912463,1.0,2,1,0.2802983683635411,0.12498927812347707,4.140475534494426,-0.6895654776677526,-0.5390886381442339,0.7544578749810992,0.3913920949370501
1,1,2.0,0,1,0.16506035621483212,-0.11234064092815801,-0.44731157519091497,0.27403136261760297,1.0,0,1,0.10075272024406659,0.4946665311808478,-0.33302429281091545,-1.1015837492151919,0.6446624650435745,0.4979210933625157,-0.34318819067081896
1,1,0.0,1,0,-0.32508099855054645,0.943966807352892,-0.26266432118895877,0.27403136261760297,1.0,1,1,0.1446738330904972,0.3281321041666636,-0.2513910842834457,-0.9384226801281559,-0.31899058606517827,0.5640192000462978,-0.07900410292287512
1,0,0.0,0,1,0.13059190651262548,0.9155003891124016,-0.29959377198935006,-2.519220140427737,1.0,2,0,0.5565348180240588,0.9335338323289254,0.38534794223081814,-1.4176457972316874,0.5930304071623032,1.0908365233938782,-0.1291860073678539
1,1,2.0,0,0,0.76015814032343,-0.5528923517928886,-0.39807230745705996,0.27403136261760297,1.0,2,1,0.4471342439010815,0.9364106141428012,-0.31125543720359017,-1.4193175853643458,1.3429734699889129,0.9647890832526065,-0.26934264858272655
1,1,1.0,1,0,0.22675888118178203,-0.5528923517928886,-0.0903268841204664,-2.519220140427737,1.0,2,1,-0.05079925155570493,-0.07773501016198002,0.5703832148930829,-0.36209416488724977,0.73308870922249,0.24993609640876113,0.14018091590547282
1,1,1.0,0,0,-0.4153883367703279,0.07167441984072559,-0.26266432118895877,2.136199031314496,1.0,1,1,-0.3537423119580083,-0.3370513202312285,-0.4187391617647587,0.24756568491591363,-0.5841550021209373,-0.3741841623473558,-0.07900410292287512
1,1,0.0,0,0,-0.6003115694226666,0.08014656812658578,-0.6688882799932624,0.27403136261760297,1.0,2,1,-0.5223479026651852,-0.27258707336710314,-0.4309841430438791,0.06863903877654842,-1.3232850391323132,-0.8407764992763067,-0.7130074313703013
1,1,0.0,1,0,-0.6246118264627224,0.7653739214869589,0.6975013996212132,0.27403136261760297,0.0,1,0,-0.21972660865736107,-0.621297170677929,0.17310160005939693,1.4132444284419656,-1.4520594399822604,-0.07205762495242722,0.9208755847330661
0,0,2.0,0,0,-0.3214618113318148,-0.5528923517928886,-0.07801706718700264,0.27403136261760297,1.0,2,0,-0.5625687019751032,-0.6957307619538492,-0.16975787575597592,1.885432922636093,-0.30923374933543835,-0.9717821210102189,0.15497514635205356
1,0,0.0,1,1,-0.46691866907512686,0.18147346162547381,-0.4965508429247699,0.27403136261760297,1.0,0,1,-0.3497202320270165,-0.14535729630964062,-0.3547931484182408,-0.2283779600758786,-0.7580081630581222,-0.3643651911738934,-0.4197949453595222
1,1,1.0,1,0,-0.45347597369126624,1.8535366473228434,1.6576671204313853,-2.519220140427737,1.0,1,1,0.4566263525382222,-0.42751510233894485,2.115971963013177,0.5407544805066722,-0.7107882461979638,0.976070149824548,1.5899163624913706
1,0,0.0,0,1,1.8884828413251649,-0.5528923517928886,0.5867130472200395,0.27403136261760297,0.0,2,0,1.5004365362292174,0.8836303139237357,0.12412167494291504,-1.3879605034151454,2.161671066661536,1.9243940118424587,0.8274876337441815
0,0,3.0,0,0,-0.3807475448196102,-0.5528923517928886,1.3622315140282553,0.27403136261760297,1.0,0,1,-0.6179125218255506,-1.032274471522903,0.46698115075828805,6.768324097369769,-0.47714330297947827,-1.1685908522059616,1.4063017648571794
1,0,0.0,1,0,0.12973019527007032,-0.5528923517928886,-0.36114285665666873,0.27403136261760297,0.0,0,0,-0.14137649160164056,0.03666275681001018,-0.2949287954980963,-0.5586443898774646,0.5917178469249167,0.08423367249655826,-0.21565419676392672
1,1,3.0,0,0,-0.007281892296201133,-0.5528923517928886,-0.6196490122594074,0.27403136261760297,1.0,2,0,-0.2692786334071802,0.12344130493056103,-0.40921528743655383,-0.6874059989451836,0.36787183624881137,-0.17813882738982165,-0.6248651528122243
1,1,0.0,0,0,1.6184225379083759,0.1587681042193685,1.9654125437679788,0.27403136261760297,1.0,0,0,1.5861872803579629,0.10643796278482592,0.7336496319480225,-0.6633839104111066,2.000674121580213,1.9844541651931338,1.7651506130022552
1,1,3.0,1,0,-0.06225906957122075,-0.5528923517928886,-0.2011152365216401,0.27403136261760297,1.0,1,0,-0.32060037332663577,-0.3341778453936478,-0.22418001477428912,0.2391072581343805,0.2683578869675362,-0.29478027910760163,0.0019942700498869806
1,1,1.0,0,0,0.13627920071348956,0.8873728568033458,2.285467784038036,0.27403136261760297,1.0,2,1,0.5484906581620752,-0.524627268157645,0.8751471933956365,0.9268817558778794,0.6016661981985147,1.0818535757523107,1.932771680684892
1,0,0.0,0,0,-0.5570536650463973,0.19570667074571896,-0.12725633492085764,0.27403136261760297,1.0,1,1,-0.427105049899299,-0.5102051999386695,-0.19152673136330123,0.8639024848171019,-1.1170857317030052,-0.563019651779479,0.09514631153239657
0,0,1.0,0,0,-0.31215532991221895,-0.5528923517928886,0.13124982068188099,-4.753821342864008,1.0,1,0,-0.553881009324161,-0.7584611369765409,7.5146481536298415,2.3754085423529543,-0.2844166254454415,-0.9426936828676689,0.3913920949370501
0,0,0.0,0,0,0.3287854923003138,-0.5528923517928886,-0.29959377198935006,0.27403136261760297,1.0,0,1,0.044443601210181205,0.23301388047129035,-0.2677177259889397,-0.8298430914083978,0.869302524789332,0.4095938861606944,-0.1291860073678539
1,0,0.0,0,1,-0.021758641171127927,-0.5528923517928886,-0.2011152365216401,0.27403136261760297,1.0,1,1,-0.28279282197531275,-0.2856911027314941,-0.22418001477428912,0.10325793645412087,0.3422664554002593,-0.208151190636707,0.0019942700498869806
1,0,0.0,0,0,-0.20633718932644457,0.6152474538615161,0.08201055294802602,0.27403136261760297,1.0,0,1,0.0994656546661492,-0.03248331682974129,-0.09900909503216887,-0.44391797857510706,-0.02655082630039143,0.49594830030200565,0.3381685307017204
1,1,2.0,0,0,-0.10069139098918116,-0.08285756489336452,0.06970073601456228,0.27403136261760297,1.0,1,1,-0.13333233173965695,-0.27845591786899976,-0.10445130893400018,0.08403911823363473,0.194891760067514,0.09956141091707084,0.3246437818255767
1,1,3.0,0,0,-0.16531973418081866,0.060830070034824525,0.19279890534919972,0.27403136261760297,0.0,2,1,-0.12544905507491297,-0.33743780511306076,-0.050029169915687094,0.24870700777218963,0.06312836965893512,0.11446110498842488,0.45603442803358146
0,0,0.0,0,1,-0.32301289156841406,-0.5528923517928886,-0.11494651798739389,0.27403136261760297,1.0,0,0,-0.5640166507502603,-0.6829171181247081,-0.18608451746146992,1.7966553491941686,-0.3134079115930085,-0.9766747049036827,0.11026809245771321
0,0,1.0,0,0,-0.4164223902613941,-0.0242302987552119,-0.6688882799932624,0.27403136261760297,1.0,2,1,-0.40023755596027366,-0.049864424520126474,-0.4309841430438791,-0.4131624800026927,-0.587462928377275,-0.49161984449411733,-0.7130074313703013
0,0,0.0,0,0,-0.3542068385489111,-0.5528923517928886,-1.407477296001087,0.27403136261760297,1.0,2,1,-0.593136509450641,1.498043312855106,-0.7575169771537581,-1.6810435815865485,-0.39977215385258935,-1.0779032328278482,-2.9195101797937952
1,1,0.0,0,0,1.0088480049248512,-0.5528923517928886,-0.10263670105393013,0.27403136261760297,1.0,2,1,0.679288697517929,0.8128643479123553,-0.18064230355963862,-1.34351824680497,1.5630942861009753,1.2227952394754165,0.12527909011056515
1,0,0.0,0,0,-0.42383310694736853,0.0764188228808073,-0.2257348703885676,0.27403136261760297,1.0,0,1,-0.35937322386139686,-0.3685426809731128,-0.2350644425779518,0.34350494352106364,-0.6113735792191765,-0.38801833919917206,-0.030021881570960886
1,1,0.0,0,0,-0.4605420058802186,0.20045107378580065,0.06970073601456228,0.27403136261760297,1.0,1,1,-0.33475809468372697,-0.4988897173602366,-0.10445130893400018,0.8159807596641517,-0.7354338158353115,-0.3282867786834576,0.3246437818255767
1,1,2.0,0,0,-0.23994392778609605,-0.5528923517928886,-0.6688882799932624,0.27403136261760297,1.0,1,1,-0.4864709496807381,-0.2071494571709558,-0.4309841430438791,-0.09237293812252599,-0.10400066327682773,-0.7312260454922636,-0.7130074313703013
1,1,1.0,0,0,-0.4381375135737843,0.07133553390929118,-0.36114285665666873,0.27403136261760297,1.0,1,1,-0.37513977719088476,-0.2970193281956511,-0.2949287954980963,0.13387879357371416,-0.6585705130502635,-0.4273102296620645,-0.21565419676392672
1,1,0.0,0,0,-0.22391609867456996,0.5566201877233635,0.7713603012219956,0.27403136261760297,1.0,1,1,0.05522277542523926,-0.42442428731725884,0.2057548834703847,0.5297932949537121,-0.06659151692223854,0.4268298367242188,0.9808503643524827
1,1,0.0,0,0,-0.3773006998493895,-0.11234064092815801,-0.7919864493278999,0.27403136261760297,1.0,2,1,-0.40554670146918287,0.10195524668831159,-0.48540628206219233,-0.6569571744831929,-0.4668795049339964,-0.5055133045185806,-0.9515313128045515
1,1,0.0,0,0,1.6011883130572724,-0.5528923517928886,3.590308378985193,0.27403136261760297,1.0,1,1,1.2322442464306833,-0.4682390039164552,1.4520218669897558,0.692340211611241,1.9898239766616368,1.722970048711334,2.5020120280363654
0,1,0.0,1,0,-0.2054754780838894,-0.5528923517928886,-0.25035450425549505,0.27403136261760297,1.0,0,1,-0.45429431023280364,-0.47834686842795276,-0.2459488703816144,0.7321546674048971,-0.024613771004944354,-0.6381757502438783,-0.06254624724919318
1,0,1.0,1,1,-0.21357556376390796,0.2692449178669855,0.1681792714822722,0.27403136261760297,0.0,2,0,-0.07155318399962268,-0.26860517380632254,-0.06091359771934969,0.05828541885990627,-0.04291606791146323,0.21325070524275372,0.4304216943389915
1,1,0.0,0,0,-0.23529068707629816,-0.28178360664536206,-0.39807230745705996,0.27403136261760297,1.0,1,1,-0.353420545563529,-0.23693908305781494,-0.31125543720359017,-0.021418543006297038,-0.09304884855198103,-0.3733967354351683,-0.26934264858272655
1,1,2.0,0,0,-0.5155191831552383,-0.21881860471925735,-0.8166060831948273,-2.519220140427737,1.0,2,1,-0.5851245281908803,-0.23870578673884052,-0.07179802552301229,-0.01709119930708193,-0.941495234251923,-1.0494979081369273,-1.0027587813970125
0,0,0.0,0,0,-0.5999668849256445,0.011691609976835354,-1.1120416895979572,0.27403136261760297,1.0,2,1,-0.5545245421131196,0.34892355938374847,-0.6269038435098064,-0.9605388372970243,-1.3215315281548152,-0.9448328595160544,-1.7447288432047412
1,1,0.0,0,0,2.649718552998399,-0.5528923517928886,-0.21342505345510385,0.27403136261760297,1.0,0,0,2.211057618436851,2.9461529668736777,-0.2296222286761204,-2.0403046985015414,2.5434302270180233,2.371858342141328,-0.013951273578280892
1,0,0.0,0,0,-0.3678218761812827,0.4817263968763594,-0.6811980969267262,0.27403136261760297,1.0,0,1,-0.11466988085985493,0.491473835810434,-0.4364263569457104,-1.0987329495844056,-0.4389914427929051,0.13464299623190704,-0.7356484574876309
0,0,0.0,0,1,-0.4639888508504393,0.02897479247999017,-0.5580999275920887,-0.6570524717308435,1.0,1,0,-0.4193826564317947,-0.19994678437317356,-0.2742483826711372,-0.10897754755022769,-0.7475962960528124,-0.5422155210771968,-0.5197656021707086
1,1,0.0,0,0,-0.27372300849425857,0.12487951107592765,-0.29959377198935006,0.27403136261760297,1.0,0,1,-0.1962376618603689,-0.09622829608510987,-0.2677177259889397,-0.3269567119868119,-0.18585143980417781,-0.023809505970674594,-0.1291860073678539
0,0,0.0,0,0,-0.2013392641196246,-0.5528923517928886,-0.36114285665666873,0.27403136261760297,1.0,1,1,-0.4504331134990515,-0.40449573272603595,-0.2949287954980963,0.460836971238573,-0.015348659208937823,-0.6273160054742365,-0.21565419676392672
1,0,0.0,0,0,0.7265514018637785,-0.5528923517928886,0.5251639625527208,0.27403136261760297,1.0,0,1,0.41576202043934535,-0.008769959328771332,0.09691060543375855,-0.4845941277666148,1.3107419166000427,0.9270101064805094,0.7737052280993167
1,1,0.0,0,0,-0.3821262828076985,0.26585605855264144,-0.0657072502535389,0.27403136261760297,1.0,0,1,-0.23050578287241913,-0.3082920255471669,-0.16431566185414465,0.1650096518896837,-0.48126747160656125,-0.0946246543501828,0.16966332405591045
1,1,2.0,0,0,-0.15377280353057943,-0.5528923517928886,-0.21342505345510385,0.27403136261760297,0.0,1,0,-0.4060293510609019,-0.436588929233292,-0.2296222286761204,0.5733614820709924,0.08748668821364305,-0.5067815045534788,-0.013951273578280892
1,1,2.0,0,0,-0.3686835874238379,-0.0242302987552119,-0.12725633492085764,0.27403136261760297,1.0,2,1,-0.3556729103248844,-0.4226981005745692,-0.19152673136330123,0.5237033376078228,-0.4415065772151345,-0.3789157330634032,0.09514631153239657
0,0,0.0,0,0,0.021499263205141426,-0.5528923517928886,-0.016467982519683937,2.136199031314496,0.0,2,0,-0.2424111394681549,-0.3511413518206361,-0.3371059532372889,0.28974469640632466,0.41758313664332175,-0.11987163684344686,0.22738522602631392
1,1,0.0,0,0,-0.5013871187773336,0.5769533436094281,0.34051670855076466,0.27403136261760297,1.0,1,1,-0.19414618029625313,-0.47375536714519534,0.015277396906288787,0.7139552819508213,-0.8859198085490833,-0.019573474162104126,0.6033307873125973
1,1,3.0,0,1,-0.1510153275544029,-0.1292849374998784,-0.42269194132398746,0.27403136261760297,1.0,2,1,-0.20235122335547645,0.008770667367004166,-0.3221398650072528,-0.5137695791882408,0.09324874136406573,-0.03624732437250059,-0.3059327640486645
1,1,1.0,0,0,0.27277426153422796,-0.5528923517928886,0.6851915826877495,0.27403136261760297,1.0,1,1,-0.007843437892712368,-0.4437372511536632,0.16765938615756565,0.599508151142037,0.7959732607130651,0.32364380703081685,0.9107068689971377
0,1,1.0,0,0,-0.10792976542664456,-0.5528923517928886,-0.11494651798739389,0.27403136261760297,1.0,2,1,-0.363234420595149,-0.43877318684580896,-0.18608451746146992,0.5813074693711943,0.1806664581759356,-0.397564417726681,0.11026809245771321
0,0,0.0,0,0,-0.05036745442395945,0.30821679998194246,0.08201055294802602,2.136199031314496,1.0,0,0,0.09930477146890954,-0.03265821616920178,-0.30445266982630104,-0.4436125353299969,0.290417736008607,0.495701554066417,0.3381685307017204
1,1,1.0,0,0,-0.5649814084779048,0.43834899765275515,-0.38576249052359624,0.27403136261760297,1.0,2,0,-0.3193133077487184,-0.19725552020094436,-0.30581322330175886,-0.11512864805586642,-1.1529258133564135,-0.2917639356933602,-0.25128973871371224
1,1,0.0,1,0,-0.601862649659266,0.44139897103566483,-0.6319588291928712,0.27403136261760297,0.0,2,0,-0.3522943631828513,-0.007230108977316211,-0.41465750133838514,-0.4871858566877381,-1.3311998914441758,-0.3706433619319381,-0.6465478103361433
1,1,0.0,1,0,-0.41659473250990514,0.040158028217325635,-0.4842410259913062,0.27403136261760297,1.0,1,1,-0.36983063168197555,-0.18828531412914523,-0.34935093451640936,-0.1354252497738094,-0.588014920049356,-0.41398643811683233,-0.40037307468103595
0,0,0.0,0,0,-0.05036745442395945,-0.5528923517928886,-0.15187596878778511,0.27403136261760297,1.0,0,1,-0.30949943271709834,-0.3512029131266001,-0.20241115916696392,0.2899315893408697,0.290417736008607,-0.26892367472792067,0.06456377341439644
1,1,1.0,0,0,-0.6320225431486968,0.058118982583349264,-0.5950293783924799,0.27403136261760297,1.0,2,1,-0.5624078187778636,-0.4085241841422834,-0.3983308596328912,0.47454110736724325,-1.4935037188963496,-0.9712392936827026,-0.5821762751010197
1,0,0.0,0,0,-0.22270970293499273,0.2943224767931317,-0.05339743332007517,0.27403136261760297,1.0,0,1,-0.06817463685758957,-0.12540483732311009,-0.15887344795231334,-0.26936577491113545,-0.06381112141471032,0.2192722424367662,0.18424695868388416
1,0,0.0,1,0,-0.5673941999570593,-0.5528923517928886,-0.21342505345510385,0.27403136261760297,1.0,2,0,-0.7921490244361159,-0.9356717687646579,-0.2296222286761204,4.558113848498182,-1.163996205015168,-1.973659088253626,-0.013951273578280892
0,0,0.0,0,0,-0.26372715808061864,0.011691609976835354,-0.11494651798739389,0.27403136261760297,1.0,0,1,-0.2406414242985185,-0.28970453649763483,-0.18608451746146992,0.11403175179491988,-0.16118767832833736,-0.11609696637438348,0.11026809245771321
0,0,0.0,0,0,-0.4984573005526459,0.07845213846941375,-0.4965508429247699,0.27403136261760297,0.0,2,0,-0.428070349082737,-0.26902626482797165,-0.3547931484182408,0.05937672607225836,-0.8746375589949552,-0.5656365964045195,-0.4197949453595222
1,0,0.0,0,0,2.5749220171446106,-0.5528923517928886,4.131940324057598,0.27403136261760297,1.0,0,0,2.141234310834833,-0.23834603372635016,1.6914792786703337,-0.017973487873570372,2.509733448775141,2.332361958359467,2.698580181732992
1,1,2.0,1,0,0.4092693223549663,-0.5528923517928886,0.5005443286857932,0.27403136261760297,1.0,0,1,0.11957605432110827,-0.25706635892087104,0.08602617763009575,0.028707983875159274,0.9690736515831464,0.5265367786174703,0.7517906660971523
0,0,0.0,0,0,-0.40935635807244175,-0.5528923517928886,-0.7427471815940448,0.27403136261760297,1.0,1,1,-0.6446191325673363,-0.434462380824773,-0.463637426454867,0.5656617944700234,-0.5649949209785959,-1.2715627504491867,-0.8527655910562316
1,0,0.0,1,0,-0.4076329355873314,0.262128313306863,-0.41038212439052374,0.27403136261760297,1.0,1,1,-0.2560862112335271,-0.0829520181173058,-0.3166976511054215,-0.3522855247794671,-0.5595628115792854,-0.1493006000989298,-0.2875560308656049
0,0,0.0,0,0,-0.4800166799619654,-0.5528923517928886,-1.0874220557310297,0.27403136261760297,1.0,0,1,-0.7105812434356019,-0.16926396989531958,-0.6160194157061438,-0.1774452828892888,-0.805408818217272,-1.5533546619307348,-1.6715427771491722
1,1,2.0,0,1,0.07819986296527137,-0.5528923517928886,-0.0041581655862201914,-4.008954275385251,1.0,0,1,-0.18948056757630263,-0.2977497441689848,2.437840042350057,0.13587574280396092,0.5111861464458323,-0.010158465701391003,0.2415651581575886
1,1,1.0,1,0,-0.3262873942901237,0.002880575759540744,-0.41038212439052374,-2.519220140427737,1.0,2,1,-0.3032249880247511,-0.1526643737546994,0.2873880919978546,-0.21302592370872836,-0.3222562338157834,-0.2544664253135653,-0.2875560308656049
1,1,2.0,0,0,-0.27148255926361514,-0.5528923517928886,-0.29959377198935006,0.27403136261760297,1.0,1,1,-0.5159125747755983,-0.5335305720326814,-0.2677177259889397,0.9668699067423138,-0.18028994890376165,-0.8206456001406921,-0.1291860073678539
1,1,0.0,0,0,-0.5573983495434194,0.17029022588813836,-0.6935079138601898,0.27403136261760297,1.0,2,1,-0.43949305608675376,-0.09350728636150328,-0.4418685708475418,-0.33219147651930575,-1.1186272891335594,-0.5968864560759218,-0.7585424611983882
0,0,1.0,0,0,-0.301814795001557,-0.5528923517928886,-0.39807230745705996,0.27403136261760297,1.0,1,1,-0.5442280174897806,-0.5166000036526565,-0.31125543720359017,0.8915592822061303,-0.25728947310783495,-0.9108976336456209,-0.26934264858272655
1,1,1.0,0,1,0.8113437881312069,-0.5528923517928886,0.13124982068188099,0.27403136261760297,1.0,0,0,0.49491655348126423,0.3522839461549958,-0.07724023942484358,-0.9640626593064265,1.3908408652279707,1.0208950112250887,0.3913920949370501
1,1,0.0,0,0,-0.4984573005526459,0.18147346162547381,-0.36114285665666873,0.27403136261760297,1.0,1,1,-0.37916185712187656,-0.30276058912141934,-0.2949287954980963,0.14965033005020517,-0.8746375589949552,-0.4374678985801972,-0.21565419676392672
1,1,3.0,0,0,-0.16376865394421936,-0.4888429107517854,-0.25035450425549505,0.27403136261760297,1.0,1,1,-0.38495365222250477,-0.38655151430352946,-0.2459488703816144,0.4011835599626819,0.06642219042265483,-0.45219303149712536,-0.06254624724919318
1,1,2.0,1,0,-0.291474260090895,-0.01406372081217966,-0.21342505345510385,0.27403136261760297,1.0,0,1,-0.2787707420443209,-0.2720995433710794,-0.2296222286761204,0.06736727385101167,-0.2306180056352936,-0.19916824299513947,-0.013951273578280892
0,0,0.0,0,0,-0.36644313819319446,0.45868215353881964,-0.15187596878778511,0.27403136261760297,1.0,0,1,-0.12432287269423527,-0.1209174578419521,-0.20241115916696392,-0.27840101320598565,-0.43497549622270953,0.11657992840250776,0.06456377341439644
1,1,3.0,0,0,1.6730550306863734,-0.5528923517928886,1.916173276034124,0.27403136261760297,1.0,0,1,1.299332539679627,-0.031084122114057366,0.7118807763406972,-0.4463586116997445,2.0345870750083743,1.7754373943674833,1.7381008206134558
1,1,1.0,0,1,0.5814392286174885,1.135776244544767,2.8517193629773683,0.27403136261760297,0.0,0,0,1.0819793402088294,-0.39288433788988875,1.1254890328798772,0.4219812908481079,1.1635270649249267,1.5997932787957423,2.1994004796022972
1,0,0.0,0,0,-0.0646718610503752,-0.5528923517928886,-0.17649560265471262,0.27403136261760297,0.0,0,1,-0.3228527380879912,-0.3526742283391384,-0.2132955869706265,0.2944051849796917,0.2638443293286907,-0.300070672255589,0.033517845908915725
1,1,0.0,0,1,0.09060850485806576,0.17910126010543295,0.48823451175232957,0.27403136261760297,1.0,1,1,0.16961072866264643,-0.20647964339628286,0.08058396372826444,-0.09392589607880608,0.5309550150008201,0.6005283679525144,0.7407448602882835
0,1,0.0,0,0,-0.16531973418081866,0.27771706615284575,-0.42269194132398746,0.27403136261760297,1.0,2,0,-0.022483808841522564,0.2771902736310213,-0.3221398650072528,-0.8818486517462459,0.06312836965893512,0.29884897478566413,-0.3059327640486645
0,0,0.0,0,0,-0.4812230757015426,-0.5528923517928886,-0.9520140694629285,0.27403136261760297,1.0,2,1,-0.7117074258162797,-0.36613382688651336,-0.5561550627859994,0.33594972690590824,-0.8098466842331378,-1.5585563360513797,-1.3099849459777468
1,0,1.0,0,0,-0.15653027950675596,0.054730123269005185,-0.3365232227897413,0.27403136261760297,1.0,2,1,-0.12013990956600379,0.042727883736719326,-0.2840443676944336,-0.5681647553274567,0.081703648709055,0.12442879169186849,-0.18062783930364484
1,0,0.0,0,0,-0.40625419759924314,-0.5528923517928886,-0.5704097445255525,0.27403136261760297,1.0,1,1,-0.6417232350170221,-0.5606275660734535,-0.38744643182922867,1.094112262496174,-0.5552304650204285,-1.2601177186077133,-0.5403586600862036
1,0,0.0,0,0,-0.42383310694736853,-0.5528923517928886,-0.9027748017290735,0.27403136261760297,1.0,2,1,-0.6581333211354687,-0.297785907823486,-0.5343862071786742,0.1359746857611188,-0.6113735792191765,-1.3259237125552499,-1.192867812409146
1,1,0.0,0,1,10.003562296964189,-0.5528923517928886,4.255038493392235,-2.519220140427737,1.0,2,1,9.075943644653677,2.0621350873567894,4.412586229585992,-1.8572293575618755,4.321610140084869,4.456083598735976,2.7407419988384243
1,1,0.0,0,1,0.036320696577090285,0.9687054803476037,-0.9150846186625373,0.27403136261760297,1.0,1,1,0.49379037110058654,2.418613493295461,-0.5398284210805055,-1.9413839654963734,0.44258844128350533,1.0195919269653633,-1.2215255105402574
1,1,1.0,0,1,-0.007281892296201133,-0.31973883096601574,0.19279890534919972,0.27403136261760297,1.0,0,1,-0.15859099370628552,-0.37144042294592433,-0.050029169915687094,0.35264273268480545,0.36787183624881137,0.051001928932351996,0.45603442803358146
1,1,2.0,0,1,-0.4812230757015426,1.0059829328053886,0.38975597628461967,0.27403136261760297,1.0,0,1,0.02835528148621395,-0.28617878370217725,0.03704625251361397,0.10456275351550376,-0.8098466842331378,0.3835679623935177,0.6501669297163808
0,0,3.0,1,0,-0.596692382203935,-0.5528923517928886,-0.21342505345510385,0.27403136261760297,0.0,2,0,-0.8194991679668603,-0.9710234698981296,-0.2296222286761204,5.2367556449662,-1.3049690521246389,-2.1388949939572632,-0.013951273578280892
0,0,0.0,0,0,-0.1951349431732274,-0.5528923517928886,-0.9027748017290735,0.27403136261760297,1.0,1,1,-0.4446413183984233,0.19581697869870618,-0.5343862071786742,-0.7837512068280311,-0.0015515786634446198,-0.6111442876807364,-1.192867812409146
1,1,3.0,1,0,-0.4558887651704207,-0.015080378606482885,0.3528265254842284,0.27403136261760297,1.0,0,0,-0.43273596180268753,-0.705220988829026,0.02071961080812008,1.9534535693017856,-0.71916086687978,-0.5783372977479581,0.6151405722561007
0,0,0.0,0,0,-0.5022488300198887,-0.5528923517928886,-1.2105202250656673,0.27403136261760297,1.0,0,0,-0.7313351758795197,0.013697713106936456,-0.670441554724457,-0.5218299054355097,-0.8892534315010023,-1.6516299035703543,-2.0668008487716034
1,1,1.0,1,0,-0.1272320972598803,-0.136401542060001,0.1681792714822722,0.27403136261760297,1.0,2,1,-0.18352788927843475,-0.38494201545151374,-0.06091359771934969,0.39594120868056215,0.14209721172696532,0.0017850474475005573,0.4304216943389915
1,1,3.0,1,0,-0.3652367424536172,-0.5528923517928886,-0.8658453509286823,0.27403136261760297,1.0,1,1,-0.6034330340739801,-0.2191647266579469,-0.5180595654731802,-0.0642035770830533,-0.4314698558769571,-1.115056476236866,-1.1092238715861429
1,1,2.0,0,1,-0.46691866907512686,0.23671186844928233,-0.23804468732203132,0.27403136261760297,1.0,0,1,-0.3234962708769499,-0.31356334567934524,-0.24050665647978312,0.1797990305194323,-0.7580081630581222,-0.30158497948249763,-0.04621953126101011
1,1,0.0,0,0,-0.48139541795005364,0.2800892676728866,0.19279890534919972,0.27403136261760297,1.0,1,1,-0.3164174101984043,-0.5333655107810655,-0.050029169915687094,0.9661206359340238,-0.8104816788541787,-0.28499498448008337,0.45603442803358146
1,1,0.0,1,0,-0.30491695547475556,0.5417092067402496,0.09432036988148977,0.27403136261760297,0.0,0,0,-0.027471187955952412,-0.17824925908102413,-0.09356688113033758,-0.15776567139478737,-0.26537906675066564,0.29032638247049014,0.35160459206230615
1,1,2.0,1,0,-0.3807475448196102,0.18181234755690823,-0.2257348703885676,0.27403136261760297,1.0,2,1,-0.26911775020994055,-0.2509561893458269,-0.2350644425779518,0.013296942534927527,-0.47714330297947827,-0.1777844365519977,-0.030021881570960886
1,1,0.0,0,0,0.1793647628412479,1.0002218719710039,1.4114707817621104,0.27403136261760297,1.0,1,1,0.6422855621528043,-0.238487727233207,0.4887500063656132,-0.0176260548690003,0.6656063895861727,1.1839931450418508,1.4380697192739982
1,1,0.0,0,0,-0.45968029463766347,1.5651447196721622,0.5251639625527208,0.27403136261760297,1.0,0,1,0.31392295658663266,-0.09816783934830343,0.09691060543375855,-0.3232114830045716,-0.7324076970829587,0.798804320990577,0.7737052280993167
1,1,0.0,0,0,0.6533059462465893,-0.5528923517928886,1.0298664568247342,0.27403136261760297,1.0,1,1,0.34738666161248455,-0.2994679256185532,0.32004137540884237,0.1405841645756818,1.2381410154373937,0.841913749951688,1.177930456332953
1,0,0.0,0,0,0.5959159774924153,0.8592453244942899,2.014651811501834,0.27403136261760297,1.0,0,0,0.964212839829389,-0.24399170017231017,0.7554184875553476,-0.004061501016186535,1.178841862538974,1.497214388490965,1.7918479550612585
1,1,3.0,0,0,-0.4526142624487111,0.15300704338498355,-0.6073391953259437,0.27403136261760297,1.0,0,1,-0.3498811152242562,-0.03136212001151571,-0.4037730735347225,-0.4458741082509653,-0.707808691882551,-0.3647569569850846,-0.6034095429937135
0,1,0.0,0,1,0.03580366983155718,-0.5528923517928886,-0.4842410259913062,0.27403136261760297,0.0,0,0,-0.22905783409726208,0.03179635469197777,-0.34935093451640936,-0.5509452879839226,0.44172275982885106,-0.09157730511793341,-0.40037307468103595
0,1,0.0,0,0,-0.4944934288368922,-0.3817549564185124,-0.17649560265471262,0.27403136261760297,1.0,1,1,-0.6428494173976999,-0.7567441722947205,-0.2132955869706265,2.3606220471512995,-0.8594998307989541,-1.2645602047254454,0.033517845908915725
0,0,0.0,0,0,-0.2549377034065559,-0.5528923517928886,-0.348833039723205,-2.519220140427737,1.0,2,1,-0.5004677878405897,-0.4834657868874073,0.34181023101616775,0.7526715396473743,-0.13981266753217206,-0.7732017101647605,-0.19806617447838254
1,1,2.0,0,0,0.5240492598633144,0.5203593930598819,0.2543479900165185,0.27403136261760297,1.0,0,1,0.736241349340773,0.48910891328132466,-0.022818100406530508,-1.0966149033796349,1.101318209600009,1.2809793804664273,0.5186996183252975
1,1,1.0,0,0,-0.2442524839988719,-0.5528923517928886,-0.9520140694629285,0.27403136261760297,1.0,2,0,-0.49049302961172997,0.175858342598342,-0.5561550627859994,-0.7580943823016176,-0.11420903088695243,-0.7431913913187883,-1.3099849459777468
1,1,0.0,1,0,-0.39505195144602595,0.011691609976835354,-0.5457901106586249,2.136199031314496,0.0,2,0,-0.363234420595149,-0.1192928549775636,-0.5126173515713488,-0.28165589045325035,-0.5204615966311574,-0.397564417726681,-0.499377453702394
1,1,3.0,0,0,-0.021586298922616893,0.5203593930598819,0.6851915826877495,0.27403136261760297,1.0,1,1,0.22688514687996983,-0.25107775826765194,0.16765938615756565,0.01360189455987851,0.34257372275075837,0.6817654544111993,0.9107068689971377
0,0,1.0,0,0,-0.09810625726151566,-0.5528923517928886,-0.7796766323944361,0.27403136261760297,1.0,1,0,-0.35406407835248765,0.18834545287352158,-0.47996406816036097,-0.7742244446583602,0.19994149620787072,-0.3749719225619516,-0.9263899910562169
1,1,2.0,0,0,-0.05036745442395945,0.689802358777086,1.1283449922924442,0.27403136261760297,1.0,1,1,0.2804592515607808,-0.38168541113943627,0.363579086623493,0.385387234563468,0.290417736008607,0.7546725947366513,1.2482890260584751
1,1,0.0,0,0,-0.09345301655171777,0.23772852624358556,-0.17649560265471262,0.27403136261760297,1.0,2,1,0.02562026713313952,0.08735367442998694,-0.2132955869706265,-0.6357456948595455,0.20899074682886967,0.3791071327433967,0.033517845908915725
1,1,0.0,0,0,-0.3928115022153825,0.47494867824767123,-0.6073391953259437,-0.6570524717308435,1.0,2,1,-0.1412156084044009,0.3292011529918486,-0.3003710093999276,-0.9395731856683994,-0.5135982601347401,0.08454146766457633,-0.6034095429937135
1,0,0.0,0,1,0.2636401223631432,-0.5528923517928886,-0.041087616386611424,0.27403136261760297,1.0,0,1,-0.01637024734641501,-0.07378933104275186,-0.15343123405048203,-0.36945934927795654,0.7836871035617723,0.30924306003494595,0.19872752789520257
1,0,0.0,1,0,0.159200719765457,-0.5528923517928886,-0.1395661518543214,0.27403136261760297,1.0,0,0,-0.11386546487365656,-0.11726347032611822,-0.19696894526513253,-0.28570970803801143,0.6360026205139973,0.13614036816817202,0.07991209997711027
1,0,0.0,0,0,-0.4812230757015426,-0.5528923517928886,-0.5950293783924799,2.136199031314496,1.0,1,0,-0.7117074258162797,-0.6638189199747863,-0.5289439932768428,1.6704757162920212,-0.8098466842331378,-1.5585563360513797,-0.5821762751010197
1,0,0.0,0,0,-0.028997015608591324,-0.5528923517928886,-0.25035450425549505,0.27403136261760297,0.0,0,0,-0.289549916259379,-0.2602530340348914,-0.2459488703816144,0.036813870930830196,0.3293072367060271,-0.22334084085700898,-0.06254624724919318
1,1,1.0,0,0,0.17798602485315962,-0.5528923517928886,0.3774461593511559,0.27403136261760297,1.0,1,1,-0.09632919637453226,-0.397048497125182,0.031604038611782674,0.4358072665233234,0.6635996859652035,0.1684872079894007,0.6385578787446617
1,1,0.0,0,0,2.4882338661435606,1.2316809631407044,5.239823848069335,0.27403136261760297,1.0,0,0,2.9075209792873933,-0.1934348942296817,2.181278529835152,-0.12381189616947062,2.469763094612338,2.7257791119918378,3.0500272663302255
0,0,0.0,0,1,1.8038627973062475,-0.5528923517928886,-1.0997318726644933,0.27403136261760297,1.0,1,1,1.421442886384538,6.215553906309194,-0.6214616296079751,-2.3457492823754995,2.1129582538026312,1.8672971600929693,-1.707809069301063
1,1,2.0,0,0,-0.018484138449418295,-0.5528923517928886,0.13124982068188099,0.27403136261760297,1.0,1,1,-0.27973604122775897,-0.4681237199407779,-0.07724023942484358,0.6918913676090641,0.3480943913445128,-0.20132019946445867,0.3913920949370501
1,1,2.0,0,1,0.6946680858892373,2.1151565863902064,2.9009586307112234,-0.6570524717308435,1.0,0,1,1.6526320408179476,-0.15646117386773306,1.560866145026382,-0.20497480102479337,1.279546335001235,2.0296950543061922,2.221025925884527
1,0,1.0,0,0,-0.38436673203834193,0.12047399396728034,-0.41038212439052374,-2.519220140427737,0.0,2,0,-0.3016161560523544,-0.1502851124701468,0.2873880919978546,-0.2180452137983359,-0.4879921770073577,-0.2507774578437221,-0.2875560308656049
0,0,0.0,0,1,-0.4357247220946298,-0.05845777783008712,-0.42269194132398746,0.27403136261760297,1.0,2,1,-0.4345056769723239,-0.3376778942063201,-0.3221398650072528,0.2494164495192234,-0.6505105768157299,-0.5831775696029202,-0.3059327640486645
1,1,0.0,0,0,-0.08190608590147853,-0.24010063707892984,-0.29959377198935006,-2.519220140427737,1.0,2,1,-0.19044586675974068,-0.08830535600754932,0.38534794223081814,-0.34213634892178285,0.23122600828696863,-0.012102494582046406,-0.1291860073678539
1,1,3.0,0,0,0.5959159774924153,1.1401817616534142,-0.17649560265471262,0.27403136261760297,1.0,0,1,1.0975850103410776,1.4409575138347346,-0.2132955869706265,-1.6592475422841626,1.178841862538974,1.612971791173314,0.033517845908915725
1,1,0.0,0,0,-0.1692836058965724,-0.5528923517928886,-0.17649560265471262,0.27403136261760297,1.0,1,1,-0.4205088388124724,-0.47598768031552774,-0.2132955869706265,0.7227796860663118,0.054679652752923566,-0.5452350105225665,0.033517845908915725
1,0,0.0,0,0,-0.38316033629876467,-0.5528923517928886,-0.9027748017290735,2.136199031314496,1.0,2,0,-0.620164886586906,-0.2100012196401873,-0.6309855039361799,-0.08574075297078625,-0.4843676431649777,-1.1770585849512272,-1.192867812409146
1,1,2.0,0,0,0.01701836474385456,-0.5528923517928886,-0.17649560265471262,0.27403136261760297,1.0,2,1,-0.2465941025963864,-0.25638003355032707,-0.2132955869706265,0.026968364368031163,0.4099452116935588,-0.1288241370776973,0.033517845908915725
1,1,0.0,0,1,-0.3376619826918519,0.2943224767931317,-0.2011152365216401,0.27403136261760297,1.0,1,1,-0.17548372941645113,-0.1480712841967856,-0.22418001477428912,-0.2226976825091326,-0.35338139616256437,0.017804112427435133,0.0019942700498869806
1,0,0.0,0,0,0.11180660142492287,0.8812729100375265,1.8669340083002688,0.27403136261760297,1.0,1,1,0.5227493466037276,-0.44391569575000467,0.6901119207333718,0.6001661229578422,0.5641676697703211,1.0528132599170852,1.710689147369284
0,0,0.0,0,0,0.12197479408707383,-0.5528923517928886,0.14355963761534474,0.27403136261760297,1.0,2,1,-0.14861623547742583,-0.3358125866356125,-0.07179802552301229,0.2439134517758312,0.5798557213142881,0.07032993777720146,0.40448474022118286
1,0,0.0,0,1,0.3230981980994497,-0.5528923517928886,-0.2011152365216401,0.27403136261760297,1.0,2,1,0.03913445570127201,0.12716835287263145,-0.22418001477428912,-0.6925977041539405,0.8620093763348494,0.40104550244697323,0.0019942700498869806
1,1,2.0,0,0,-0.1251639902777479,-0.5528923517928886,-0.5457901106586249,0.27403136261760297,1.0,2,0,-0.3793227403191162,-0.14570265523609838,-0.37656200402556594,-0.22765655625486203,0.14627472966953461,-0.437875360755702,-0.499377453702394
1,0,1.0,0,1,-0.2800996716891668,-0.5528923517928886,-0.38576249052359624,-2.519220140427737,1.0,2,1,-0.5239567346375819,-0.49454105939436216,0.30915694760517975,0.79790054826032,-0.20178775941255128,-0.8458434326517047,-0.25128973871371224
1,0,0.0,1,0,-0.5077637819722418,-0.01067486149783558,-0.15187596878778511,0.27403136261760297,1.0,1,1,-0.4790703226077132,-0.5620811667061125,-0.20241115916696392,1.1011849399679179,-0.9107559729463648,-0.7094088129601909,0.06456377341439644
1,1,0.0,1,0,-0.39332852896091564,0.5098539291854153,-0.21342505345510385,0.27403136261760297,0.0,2,0,-0.12512728868043363,-0.0735061634742234,-0.2296222286761204,-0.36998617382740606,-0.515179475895705,0.11506672929549001,-0.013951273578280892
1,1,0.0,0,0,-0.5100042312028852,0.2661949444840759,-0.10263670105393013,0.27403136261760297,1.0,2,1,-0.3497202320270165,-0.4291730230699123,-0.18064230355963862,0.5466643568089786,-0.9195752446581588,-0.3643651911738934,0.12527909011056515
1,1,0.0,0,0,0.033735562849424784,-0.5528923517928886,-0.23804468732203132,0.27403136261760297,1.0,0,1,-0.23098843246413817,-0.19207826449008525,-0.24050665647978312,-0.12688138115529088,0.4382553065227119,-0.09564154727004136,-0.04621953126101011
1,0,3.0,0,0,0.6677826951215161,-0.5528923517928886,0.5005443286857932,0.27403136261760297,1.0,0,1,0.360900850180617,-0.04293284331112976,0.08602617763009575,-0.42552570334424006,1.2527560143507759,0.8590441593307019,0.7517906660971523
1,1,3.0,0,0,0.7258620328697344,-0.5528923517928886,1.6084278526975302,0.27403136261760297,1.0,0,1,0.41511848765038667,-0.43885143810583416,0.5758254287949142,0.5815928408526176,1.3100738597778379,0.9262270693471755,1.5604339543409311
1,1,0.0,0,0,-0.46691866907512686,0.1638513931908846,-0.29959377198935006,0.27403136261760297,1.0,2,1,-0.35808615828347945,-0.31763045491915964,-0.2677177259889397,0.19131289862039172,-0.7580081630581222,-0.38484716317449347,-0.1291860073678539
1,1,2.0,1,0,-0.5686005956966366,-0.0022027132119753776,-0.38576249052359624,-2.519220140427737,1.0,1,1,-0.5318400113023258,-0.5059930966746119,0.30915694760517975,0.8459141292090173,-1.1695604801470145,-0.870872790408763,-0.25128973871371224
1,1,2.0,0,0,-0.37781772659492263,-0.0784520477847172,-0.38576249052359624,0.27403136261760297,1.0,2,1,-0.38994103133693464,-0.2998564256301191,-0.30581322330175886,0.1416509238535239,-0.4684148514150287,-0.46496704109642717,-0.25128973871371224
1,1,2.0,0,0,-0.34748549085698077,-0.388871560978635,-0.11494651798739389,0.27403136261760297,1.0,1,1,-0.5089945972942923,-0.6160122908030867,-0.18608451746146992,1.3833519111654793,-0.380762147156789,-0.7992450194726449,0.11026809245771321
0,0,0.0,0,0,-0.36403034671404,-0.5528923517928886,-0.9027748017290735,0.27403136261760297,0.0,2,0,-0.6023068516933023,-0.1687126586726188,-0.5343862071786742,-0.17864303152577923,-0.4279719384272839,-1.1109565267095327,-1.192867812409146
1,1,0.0,0,0,-0.3893646572451619,-0.05845777783008712,-0.6073391953259437,0.27403136261760297,1.0,2,1,-0.391228096914852,-0.10280757965828867,-0.4037730735347225,-0.31420501094529324,-0.5030968724590279,-0.46827784202150385,-0.6034095429937135
1,0,0.0,1,0,-0.239599243289074,0.011691609976835354,-0.4350017582574512,0.27403136261760297,1.0,0,1,-0.21811777668496435,-0.002493696146102313,-0.3275820789090842,-0.49512064683511225,-0.10318682213714944,-0.0687127579859257,-0.32447580476928123
0,0,0.0,0,0,-0.653565324212576,0.05710232478904604,-0.5088606598582337,0.27403136261760297,0.0,1,0,-0.5830008680245417,-0.5054349034566722,-0.3602353623200721,0.8435437291384528,-1.6205144789273174,-1.042040903054745,-0.43940267408297734
1,1,2.0,1,0,-0.4141819410307507,-0.5528923517928886,-1.222830041999131,-2.519220140427737,0.0,2,0,-0.649123862090047,0.3439350415571365,-0.4309841430438791,-0.9552819399112283,-0.5803044448202749,-1.2895072205350242,-2.110866891550015
1,0,0.0,1,0,-0.43727580233122915,-0.5528923517928886,-0.976633703329856,-0.6570524717308435,1.0,0,0,-0.6706822105201632,-0.23220490869828367,-0.4962907098658549,-0.03294703103379147,-0.6556872654289644,-1.3778642970442267,-1.371153429106231
1,0,0.0,0,0,-0.4812230757015426,6.224826276895273,-0.5088606598582337,0.27403136261760297,1.0,1,1,2.5059565189771704,4.417556989396411,-0.3602353623200721,-2.2206134711517804,-0.8098466842331378,2.530000453343472,-0.43940267408297734
0,0,0.0,1,0,-0.5737708631519676,-0.5528923517928886,-1.124351506531421,0.27403136261760297,1.0,1,1,-0.7981017027339838,-0.3734149292388383,-0.6323460574116377,0.35890018878882834,-1.1936307343608619,-2.0083940630870014,-1.7823260818245787
0,0,0.0,0,1,0.3703199741914728,-0.5528923517928886,0.6113326810869669,0.27403136261760297,1.0,0,0,0.08321645174494229,-0.3386085488358617,0.13500610274657765,0.2521696288554343,0.9215725962261269,0.47086024186070913,0.8486114498585654
0,0,0.0,0,0,-0.12843849299945753,-0.5528923517928886,-0.36114285665666873,0.27403136261760297,1.0,1,1,-0.38237952106667,-0.3073535978620342,-0.2949287954980963,0.16239242734513312,0.13965524086197095,-0.4456341402003954,-0.21565419676392672
1,1,0.0,1,0,-0.5386130444557168,0.26043388364969094,-0.36114285665666873,0.27403136261760297,1.0,2,1,-0.37916185712187656,-0.30276058912141934,-0.2949287954980963,0.14965033005020517,-1.036720965258636,-0.4374678985801972,-0.21565419676392672
0,0,0.0,1,0,-0.5306853010242092,-0.5528923517928886,-0.9643238863963922,0.27403136261760297,1.0,0,1,-0.7578809034240657,-0.4660455294023497,-0.5615972766878307,0.683820229990195,-1.0033838276962106,-1.7854034618853527,-1.3403409384583498
1,1,1.0,0,0,0.5183619656624503,-0.5528923517928886,0.09432036988148977,-0.6570524717308435,0.0,1,0,0.22141511817382098,0.09053995802393179,0.0718764214853345,-0.6404109990221956,1.0950185280030236,0.6741582259434991,0.35160459206230615
1,1,3.0,0,0,13.04764343241457,-0.5528923517928886,2.6547622920419487,0.27403136261760297,0.0,0,0,11.917623557498013,4.5906309231295275,1.038413610450576,-2.2359528503401265,4.712171879889025,4.913865534285694,2.1105413734171803
0,0,1.0,1,1,-0.24563122198696016,-0.5528923517928886,-1.0135631541302472,0.27403136261760297,1.0,1,0,-0.4917800951896473,0.29563066495523566,-0.583366132295156,-0.9027319180403761,-0.11748961889023475,-0.7470366064866562,-1.4664725696964702
1,1,0.0,0,1,0.16609440970589834,-0.5528923517928886,0.19279890534919972,0.27403136261760297,1.0,2,1,-0.10743013698406965,-0.3189509449320863,-0.050029169915687094,0.19507067149580332,0.6461857821051696,0.14807616972815074,0.45603442803358146
1,1,0.0,1,0,0.13851964994413302,-0.5528923517928886,0.9067682874900969,0.27403136261760297,0.0,0,0,-0.13317144854241725,-0.6130688947837869,0.2656192363905292,1.3668888691273917,0.6050553222787316,0.09986668172546447,1.0864424019607624
1,1,0.0,1,0,-0.5237916110837679,0.13606274681326314,-0.42269194132398746,0.27403136261760297,1.0,0,1,-0.42437003554622454,-0.3225522813309775,-0.3221398650072528,0.20536816156153168,-0.9749532735215396,-0.5556248964281173,-0.3059327640486645
0,1,0.0,1,0,-0.5417152049289153,0.5440814082602905,0.4143756101515471,0.27403136261760297,0.0,1,0,-0.24739851858258474,-0.5524551227235585,0.047930680317276673,1.054827197839291,-1.0499588708022711,-0.1305507198893461,0.6731895541242934
0,0,0.0,0,0,-0.39591366268858114,-0.5528923517928886,-1.0381827879971748,0.27403136261760297,1.0,2,1,-0.6320702431826418,-0.03328493880226866,-0.5942505600988187,-0.4425173648245327,-0.5231092611245091,-1.2224680837534785,-1.5325748187901804
0,0,1.0,0,0,-0.4639888508504393,-0.5528923517928886,0.19279890534919972,0.27403136261760297,1.0,2,0,-0.6956191060923124,-0.9224148808396059,-0.050029169915687094,4.332447981592705,-0.7475962960528124,-1.485591935585015,0.45603442803358146
1,1,2.0,0,1,-0.6363310993614726,6.224826276895273,1.1652744430928355,0.27403136261760297,1.0,2,0,2.3611616414614653,1.035253001295401,0.37990572832898684,-1.4743100642521068,-1.5181060708570178,2.4540307600486613,1.274062850363262
1,1,0.0,0,0,-0.7354278922553167,0.3868383360747251,-0.39807230745705996,0.27403136261760297,1.0,0,1,-0.5028810357991848,-0.4559989441308401,-0.31125543720359017,0.645330223110671,-2.2246164427327617,-0.7805355570878868,-0.26934264858272655
1,1,0.0,0,0,-0.3526557583123118,-0.07269098695033227,-0.07801706718700264,0.27403136261760297,1.0,1,1,-0.363717070186868,-0.4591908118121899,-0.16975787575597592,0.6574648252827869,-0.39536498486777516,-0.3987611277534654,0.15497514635205356
1,1,0.0,0,0,0.09250426959168713,-0.5528923517928886,-0.07801706718700264,0.27403136261760297,1.0,0,1,-0.17612726220540983,-0.23604713716399026,-0.16975787575597592,-0.02359805815577381,0.5339537014988098,0.01652764908576948,0.15497514635205356
0,0,0.0,1,0,-0.4433077810291153,-0.5528923517928886,-0.7919864493278999,0.27403136261760297,0.0,2,0,-0.6763131224235517,-0.4536409262506137,-0.48540628206219233,0.6364210957129234,-0.6759808193815834,-1.4016506065077983,-0.9515313128045515
1,1,0.0,0,0,-0.5984158046890453,0.029652564342858984,-0.5457901106586249,0.27403136261760297,1.0,2,1,-0.5445497838842599,-0.4169313038912504,-0.37656200402556594,0.5035212835040008,-1.313664605230631,-0.9119487963277275,-0.499377453702394
1,1,1.0,0,0,0.3374026047258654,0.012030495908269762,-0.42269194132398746,0.27403136261760297,0.0,2,0,0.3206800508706989,0.7893003095533364,-0.3221398650072528,-1.328067572447396,0.8802893111440628,0.8075899398830146,-0.3059327640486645
1,1,0.0,0,0,1.6523739608650494,-0.5528923517928886,-0.5950293783924799,0.27403136261760297,1.0,1,1,1.2800265560108661,2.741944905032094,-0.3983308596328912,-2.0050374647091096,2.0218344140288007,1.7604898528352124,-0.5821762751010197
1,1,0.0,0,0,-0.4526142624487111,0.9043171533750662,-0.2872839550558863,0.27403136261760297,1.0,0,1,0.006796933056097833,0.16884461372741244,-0.2622755120871083,-0.7489182873355125,-0.707808691882551,0.34811264127368036,-0.1123217803547203
0,0,1.0,1,0,-0.11827030033730655,-0.5528923517928886,-0.7796766323944361,0.27403136261760297,1.0,0,0,-0.37288741242952933,0.1501979636111936,-0.47996406816036097,-0.7241059465473493,0.16012093931174587,-0.42164605817932305,-0.9263899910562169
1,1,2.0,0,0,0.11077254793385666,-0.5528923517928886,-0.1395661518543214,0.27403136261760297,1.0,1,1,-0.15907364329800452,-0.17306161974452627,-0.19696894526513253,-0.16916427000637926,0.5625635571279919,0.05006159199654299,0.07991209997711027
1,1,0.0,0,0,-0.40883933132690864,-0.5474295102935017,-0.7058177307936536,0.27403136261760297,1.0,0,1,-0.6415430457009718,-0.46028283898018274,-0.4473107847493731,0.6616363660802325,-0.563363335945066,-1.2594079033527972,-0.7816951596907966
1,0,0.0,1,0,-0.4438248077746484,-0.5528923517928886,-1.0381827879971748,-2.519220140427737,1.0,2,1,-0.6767957720152707,-0.1556503466668131,-0.2677177259889397,-0.20669845470847006,-0.6777323959836452,-1.4037036497156596,-1.5325748187901804
0,0,1.0,0,1,0.5742008541800251,-0.5528923517928886,0.06970073601456228,0.27403136261760297,1.0,1,1,0.27354127407947487,0.1668133144898965,-0.10445130893400018,-0.746244897779888,1.1558139142948944,0.7454172018563499,0.3246437818255767
1,0,0.0,0,0,0.20814591834259044,-0.5528923517928886,-0.4842410259913062,0.27403136261760297,0.0,0,0,-0.06817463685758957,0.28331826191611853,-0.34935093451640936,-0.8888407036712676,0.7069275018301064,0.2192722424367662,-0.40037307468103595
1,0,0.0,0,1,1.3070000948489386,-0.5528923517928886,3.208704054047817,0.27403136261760297,1.0,1,1,0.9576166287425624,-0.5119381149694535,1.2833132360329853,0.8713555324622352,1.7921705378279706,1.4912981654318682,2.3512471228196694
1,1,0.0,0,0,-0.4941487443398701,0.2401007277636264,-0.016467982519683937,0.27403136261760297,1.0,1,1,-0.3473069840684214,-0.4715552662861234,-0.14254680624681945,0.7053020188628635,-0.8581903016288499,-0.35849857873211083,0.22738522602631392
1,0,0.0,0,0,-0.26579526506275103,-0.5528923517928886,-0.5457901106586249,0.27403136261760297,1.0,2,1,-0.510603429266689,-0.361206625345742,-0.37656200402556594,0.3206103477175622,-0.16625918872056342,-0.8041999837392515,-0.499377453702394
1,0,0.0,0,0,-0.5801475263468757,0.07438550729220085,-1.1612809573318121,0.27403136261760297,1.0,1,1,-0.5062595829412179,0.6434221764889209,-0.6486726991171318,-1.224292973237394,-1.2238288941728812,-0.7908517384616299,-1.8994432153931804
1,1,0.0,0,0,-0.5306853010242092,-0.17164567892917942,-0.21342505345510385,0.27403136261760297,1.0,2,1,-0.5768873065294341,-0.6574330857259214,-0.2296222286761204,1.6298341735892854,-1.0033838276962106,-1.0207391126032304,-0.013951273578280892
1,0,0.0,0,1,0.8830381635117968,-0.5528923517928886,0.5251639625527208,0.27403136261760297,0.0,2,0,0.561843963532968,0.11946586224742968,0.09691060543375855,-0.6818392887558645,1.4555502290403841,1.0967416054897792,0.7737052280993167
0,1,0.0,1,1,0.31878964188667386,-0.5528923517928886,-0.07801706718700264,0.27403136261760297,1.0,0,1,0.035112375770280195,0.015228716020474618,-0.16975787575597592,-0.5243226924246067,0.8564618756573571,0.39454321269662745,0.15497514635205356
1,0,0.0,0,0,-0.28130606742874403,1.163226004990954,0.5251639625527208,0.27403136261760297,1.0,1,1,0.2896295938034421,-0.11949339998487422,0.09691060543375855,-0.2812545647275185,-0.2048208148310154,0.7668708512865291,0.7737052280993167
1,1,0.0,0,0,0.4495974085065481,0.0682855605263815,0.4389952440184746,0.27403136261760297,1.0,0,1,0.45212162301551134,0.07660917449574547,0.05881510812093926,-0.6198603220589914,1.0168031467618546,0.9707249479332247,0.6959563663011106
1,0,3.0,1,0,-0.1008637332376922,0.12250730955588679,0.045081102147634784,0.27403136261760297,1.0,1,1,-0.03599799740965506,-0.1559953395530731,-0.11533573673766287,-0.20596535576297684,0.19455453928919564,0.27566448212711236,0.29732348353750904
1,0,1.0,0,0,5.588498574608538,-0.5528923517928886,0.09432036988148977,0.27403136261760297,1.0,1,1,4.954437897767747,5.20205254885179,-0.09356688113033758,-2.2836558429643476,3.4986592395356992,3.4914933234450807,0.35160459206230615
1,1,0.0,0,0,0.35170701135228116,2.271044114850034,0.3774461593511559,-0.6570524717308435,1.0,0,1,1.4064807490412485,1.0126311841032367,0.2220815251758788,-1.462129834091566,0.8983611873265049,1.856282346792573,0.6385578787446617
1,1,1.0,0,1,-0.31474046363988445,-0.14284037475725472,-0.17649560265471262,0.27403136261760297,1.0,0,1,-0.3616255886227523,-0.4016339349722683,-0.2132955869706265,0.4511722150606279,-0.29127145273658483,-0.393580932731568,0.033517845908915725
1,1,2.0,1,0,-0.11034255690579903,-0.5528923517928886,-0.42269194132398746,0.27403136261760297,1.0,0,1,-0.3654867853565044,-0.23467967319803457,-0.3221398650072528,-0.026932766309025052,0.17589622789220458,-0.40315565985244395,-0.3059327640486645
1,1,0.0,0,1,-0.302159479498579,-0.086585310139143,-1.0997318726644933,0.27403136261760297,1.0,0,0,-0.32317450448247054,1.008501651699175,-0.6214616296079751,-1.4598811735340083,-0.2581862842182334,-0.30082767185081,-1.707809069301063
1,1,2.0,0,0,-0.3364555869522747,0.02660259095994931,0.06970073601456228,0.27403136261760297,0.0,0,0,-0.30145527285511475,-0.4624441930034587,-0.10445130893400018,0.669922943095741,-0.35005116926348295,-0.2504089629451424,0.3246437818255767
1,0,1.0,1,1,-0.4348630108520747,-0.030330245521031248,0.562093413353112,0.27403136261760297,1.0,1,0,-0.42034795561523275,-0.7523496670695149,0.11323724713925244,2.323162564651267,-0.6476419147368752,-0.5448033548371812,0.8061437739197185
1,1,2.0,1,0,-0.5141404451671501,-0.12759050784270637,-0.23804468732203132,0.27403136261760297,0.0,0,0,-0.5405277039532681,-0.5985779100694525,-0.24050665647978312,1.287714304962617,-0.9359868019145682,-0.8988517438303825,-0.04621953126101011
1,1,2.0,1,0,-0.5746325743945226,-0.059474435624390344,-1.0381827879971748,-0.6570524717308435,1.0,2,1,-0.564660183539219,0.1511434996698325,-0.5289439932768428,-0.7253789537021741,-1.197678159516388,-0.978853322043537,-1.5325748187901804
1,1,0.0,0,0,-0.23167149985756647,0.0343969673829407,0.05739091908109853,0.27403136261760297,0.0,0,0,-0.19993797539688135,-0.34463403256605735,-0.10989352283583158,0.2701181120509413,-0.08458269047116478,-0.03132772468204034,0.3110291668493171
1,1,0.0,0,0,-0.4841528939262302,0.28280035512436186,-0.6688882799932624,-2.519220140427737,0.0,0,1,-0.31770447577632166,0.10067143695352161,0.05881510812093926,-0.6551093064532528,-0.820676282278513,-0.28800036822434205,-0.7130074313703013
1,0,0.0,0,1,0.3089661337215449,-0.5528923517928886,-0.7427471815940448,0.27403136261760297,1.0,1,1,0.025942033527618865,0.8759667558130002,-0.463637426454867,-1.3832839954339418,0.8437406283790393,0.3796324915271777,-0.8527655910562316
1,1,2.0,0,0,-0.24700995997504843,-0.5528923517928886,-0.5950293783924799,0.27403136261760297,1.0,1,1,-0.49306716076756474,-0.2899551850649035,-0.3983308596328912,0.11470730497168741,-0.12077699900603214,-0.750889782768214,-0.5821762751010197
1,1,0.0,0,0,-0.1708346861331717,-0.5528923517928886,-0.3242134058562775,0.27403136261760297,1.0,2,1,-0.42195678758762944,-0.3889592968038634,-0.2786021537926023,0.4090587559647102,0.05136135681426396,-0.5491244235979181,-0.1633366648296108
1,1,0.0,0,0,-0.2730336395002144,0.31770560606210585,0.3528265254842284,0.27403136261760297,1.0,2,0,-0.10405158984203654,-0.39334109329037525,0.02071961080812008,0.42349195737653467,-0.18413813612701677,0.15431195586729715,0.6151405722561007
1,0,2.0,0,0,-0.16170054696208697,-0.5528923517928886,-0.10263670105393013,0.27403136261760297,1.0,0,1,-0.41342997813392685,-0.5060721473521166,-0.18064230355963862,0.846250075531352,0.07080334940948319,-0.5263362390572469,0.12527909011056515
1,1,0.0,0,0,0.5242216021118254,-0.5528923517928886,0.19279890534919972,0.27403136261760297,1.0,1,0,0.22688514687996983,0.024046335925633933,-0.050029169915687094,-0.5385715823424301,1.101508719412313,0.6817654544111993,0.45603442803358146
1,1,3.0,0,0,0.42185030649627175,-0.5528923517928886,-0.2011152365216401,-2.519220140427737,1.0,2,1,0.13132052771960437,0.24539347434247852,0.4724233646601193,-0.8447068309319892,0.9841181789713617,0.5441706432931587,0.0019942700498869806
1,1,0.0,0,0,-0.39246681771836045,0.18859006618559637,0.10663018681495351,0.27403136261760297,1.0,0,1,-0.27684014367744486,-0.4534683131770284,-0.08812466722850629,0.6357707619466992,-0.5125449904253041,-0.19487178057323656,0.36495312145733955
0,0,1.0,1,1,-0.017450084958352093,-0.5528923517928886,-0.15187596878778511,0.27403136261760297,1.0,1,1,-0.2787707420443209,-0.3129887324494777,-0.20241115916696392,0.1781795873865501,0.3499303568935484,-0.19916824299513947,0.06456377341439644
1,0,0.0,0,0,-0.19410088968216122,-0.5528923517928886,-0.5704097445255525,0.27403136261760297,0.0,1,0,-0.44367601921498523,-0.2288881362953281,-0.38744643182922867,-0.04096599320792752,0.0007363237911269246,-0.6084626107337627,-0.5403586600862036
1,0,0.0,0,0,0.12197479408707383,-0.5528923517928886,-0.05339743332007517,0.27403136261760297,1.0,0,1,-0.14861623547742583,-0.21972555253216297,-0.15887344795231334,-0.06287413199109115,0.5798557213142881,0.07032993777720146,0.18424695868388416
1,1,3.0,1,0,-0.40418609061711075,0.011013838113966537,-0.9150846186625373,-2.519220140427737,0.0,2,0,-0.372082996443331,0.388077136274973,-0.15887344795231334,-1.0007519193852539,-0.548754029003611,-0.4196273103089758,-1.2215255105402574
0,1,2.0,1,1,-0.8758868247918089,0.4356379102012799,-0.5704097445255525,0.27403136261760297,1.0,1,1,-0.610833661147005,-0.5088859165873446,-0.38744643182922867,0.8582489658956033,-4.735831550382191,-1.1422260606556192,-0.5403586600862036
1,1,0.0,0,0,-0.16531973418081866,0.27771706615284575,-0.42269194132398746,0.27403136261760297,1.0,2,0,-0.022483808841522564,0.2771902736310213,-0.3221398650072528,-0.8818486517462459,0.06312836965893512,0.29884897478566413,-0.3059327640486645
1,1,1.0,0,1,-0.317497939616061,0.1516514996592459,0.2174185392161272,0.27403136261760297,1.0,1,1,-0.22439222137731157,-0.45021743362450745,-0.03914474211202439,0.6235693289740999,-0.29861603491572764,-0.08179187401712426,0.48133094705639723
1,1,1.0,1,0,-0.45485471167935454,-0.04456345464127639,-0.38576249052359624,-2.519220140427737,0.0,0,0,-0.445767500779101,-0.38095554677800914,0.30915694760517975,0.3830316114505379,-0.7155671934587063,-0.614277802396785,-0.25128973871371224
1,1,3.0,0,0,-0.10362120921386872,-0.5528923517928886,-0.5457901106586249,0.27403136261760297,1.0,1,1,-0.3592123406641572,-0.1126904049129299,-0.37656200402556594,-0.2947959970376591,0.18914924375841383,-0.38762164656648657,-0.499377453702394
0,0,0.0,0,1,-0.4812230757015426,-0.5528923517928886,-0.6319588291928712,0.27403136261760297,1.0,2,1,-0.7117074258162797,-0.6416332678758827,-0.41465750133838514,1.532421303596906,-0.8098466842331378,-1.5585563360513797,-0.6465478103361433
1,0,2.0,0,0,0.04131862178391025,1.0222494575142402,0.2174185392161272,0.27403136261760297,1.0,0,1,0.5238755289844053,0.3080046713288583,-0.03914474211202439,-0.916484967963398,0.45093245193864545,1.0540932977326516,0.48133094705639723
1,1,2.0,0,1,1.935876959665699,-0.20926201731839872,0.06970073601456228,0.27403136261760297,1.0,0,1,1.7078149774711553,1.7364357765221463,-0.10445130893400018,-1.7633552563642647,2.1883151374361494,2.066449660688867,0.3246437818255767
1,1,2.0,0,0,0.2426143680447971,0.040158028217325635,1.0544860906916618,-0.6570524717308435,1.0,1,1,0.24554759775977186,-0.3813010385859315,0.5812676426967457,0.3841462378468062,0.7550391670893892,0.7074879755891316,1.1957478904773653
1,1,1.0,0,1,1.9603495589542659,0.2096009939345297,-0.7181275477271174,0.27403136261760297,1.0,1,1,1.9295120232674239,4.457660649734812,-0.4527529986512044,-2.2242491778258913,2.201900095408891,2.2072031489669093,-0.8051124661793594
1,1,2.0,0,0,-0.40418609061711075,-0.009658203703532356,-0.21342505345510385,0.27403136261760297,1.0,2,0,-0.381896871474951,-0.40539625176258176,-0.2296222286761204,0.4638902632131026,-0.548754029003611,-0.4444069172880127,-0.013951273578280892
0,0,0.0,1,0,-0.1623899159561311,-0.5528923517928886,0.11894000374841726,0.27403136261760297,1.0,0,1,-0.4140735109228855,-0.6055830238419242,-0.08268245332667498,1.3256041566092052,0.0693443058620667,-0.5280464008860082,0.3782152519986402
1,1,3.0,1,0,-0.3786794378374778,-0.5528923517928886,-0.38576249052359624,0.27403136261760297,1.0,0,1,-0.6159819234586745,-0.6282260660127861,-0.30581322330175886,1.453097631897559,-0.470977065991919,-1.1613633344653898,-0.25128973871371224
1,1,0.0,0,0,-0.5530897933306436,0.514598332225497,-0.2011152365216401,0.27403136261760297,1.0,1,1,-0.27201364776025466,-0.2718672229086673,-0.22418001477428912,0.06676164951179565,-1.0994645652483817,-0.1841738196397429,0.0019942700498869806
1,1,0.0,0,0,0.9549048811408976,-0.5528923517928886,1.1037253584255167,0.27403136261760297,1.0,1,1,0.6289322567819114,-0.12893581794375672,0.35269465881983036,-0.2622095981813826,1.5178719344903644,1.1697895977533261,1.2309245830208322
1,1,2.0,0,0,0.5240492598633144,-0.5528923517928886,1.2514431616270816,0.27403136261760297,1.0,1,1,0.22672426368273016,-0.45696899051083556,0.41800122564180614,0.6490089133243001,1.101318209600009,0.6815421556552549,1.3329701686324842
1,1,1.0,1,0,-0.5746325743945226,0.2726337771813296,-0.16418578572124887,0.27403136261760297,1.0,0,1,-0.4069946502443399,-0.4657370179720801,-0.20785337306879523,0.6826252821352894,-1.197678159516388,-0.5093205001439904,0.04909960932922907
1,0,2.0,0,0,-0.3007807415104908,-0.5528923517928886,-0.7919864493278999,0.27403136261760297,0.0,0,0,-0.5432627183063425,-0.18062961607801056,-0.48540628206219233,-0.1525016013112137,-0.254602074956429,-0.9077477031686617,-0.9515313128045515
1,1,1.0,0,0,2.247471744973647,-0.5528923517928886,4.378136662726873,0.27403136261760297,1.0,2,0,1.8355562360794553,-0.3832323987613601,1.80032355670696,0.39039184688889594,2.3531647009199173,2.1488459168862275,2.7820537211242073
1,1,2.0,0,1,-0.12223417205306032,0.15300704338498355,0.19279890534919972,0.27403136261760297,1.0,1,1,-0.04146802611580392,-0.25127583176959095,-0.050029169915687094,0.014098900389673324,0.15217412854189374,0.2661975499405164,0.45603442803358146
1,0,0.0,0,0,-0.4924253218547598,-0.5528923517928886,-0.8535355339952185,0.27403136261760297,1.0,2,0,-0.7221648336368583,-0.4941359533137003,-0.5126173515713488,0.7962255956519079,-0.8516588073149407,-1.6075648094451864,-1.0820845077337395
1,0,0.0,1,0,-0.446926968247847,0.390904967251938,-0.5950293783924799,0.27403136261760297,1.0,1,1,-0.23163196525309684,0.15708570472800287,-0.3983308596328912,-0.7333426205845575,-0.6882826276815402,-0.09699826938530244,-0.5821762751010197
1,1,1.0,1,0,0.007022514330214628,-0.16961236334057297,0.512854145619257,0.27403136261760297,1.0,2,1,-0.07396643195821777,-0.43376258196999623,0.09146839153192726,0.5631358045630099,0.3927731939263296,0.20893764774066245,0.7627772447806558
1,0,0.0,1,0,-0.275963457724902,-0.5528923517928886,-0.42269194132398746,0.27403136261760297,1.0,0,1,-0.5200955379038297,-0.46540529182032464,-0.3221398650072528,0.6813413456987171,-0.19143247904319524,-0.8337058886797302,-0.3059327640486645
0,0,0.0,1,1,2.0630655390668418,-0.5528923517928886,0.9929370060243431,0.27403136261760297,1.0,1,1,1.6634112150330056,0.6747031176840297,0.3037147337033485,-1.2478040765047491,2.2576839300001463,2.036931800205598,1.1509103898527338
1,1,0.0,0,0,-0.2921636290849391,0.17808460231112974,-0.3119035889228138,0.27403136261760297,0.0,0,0,-0.18819350199838525,-0.07458261665752644,-0.273159939890771,-0.3679822216862973,-0.2323822325154088,-0.007569581988225835,-0.14619018807219822
0,1,1.0,0,0,-0.33886837843142914,-0.2434894963932739,-0.4842410259913062,-4.008954275385251,1.0,1,1,-0.4319315458164892,-0.2853727703176635,1.5282128616153945,0.10240686457123702,-0.3567186224927896,-0.5761413287861651,-0.40037307468103595
1,1,0.0,1,0,-0.4639888508504393,0.02321373164560523,-0.4596213921243787,0.27403136261760297,1.0,0,1,-0.4221176707848691,-0.29024571343612754,-0.33846650671274675,0.11549074229200339,-0.7475962960528124,-0.5495570827836846,-0.3620730433891188
1,1,0.0,0,0,-0.11499579761559692,0.4153047543152154,-0.41038212439052374,-5.126254876603387,1.0,2,1,0.08981266283176885,0.4285891580615208,17.201788898889582,-1.0404981584496389,0.16665582919169022,0.481085315842437,-0.2875560308656049
1,1,1.0,0,1,-0.41314788753968446,-0.5528923517928886,-0.6073391953259437,0.27403136261760297,1.0,1,1,-0.648158562906609,-0.546770221899131,-0.4037730735347225,1.0279703206516586,-0.5770113830894249,-1.2856473847667047,-0.6034095429937135
1,0,0.0,0,0,0.17074765041569623,0.9436279214214576,0.7959799350889232,0.27403136261760297,0.0,0,0,0.6073739083517953,0.000380185370991192,0.21663931127404754,-0.4999080847986068,0.6530226810787272,1.1466273050810771,1.000458093075938
0,0,0.0,0,0,-0.8009179466895093,0.6952245336800364,-0.38576249052359624,2.136199031314496,1.0,0,1,-0.4176129412621583,-0.3400554136342607,-0.4595557660284936,0.2564599865093678,-2.9591719346758865,-0.5374804848069873,-0.25128973871371224
0,0,0.0,0,0,-0.36764953393277167,-0.5528923517928886,-0.5457901106586249,0.27403136261760297,1.0,1,1,-0.6056853988353355,-0.5172885448736825,-0.37656200402556594,0.8945624275094307,-0.43848889364208865,-1.1232835716390672,-0.499377453702394
1,1,2.0,0,0,-0.07363365797294893,1.3530021265942225,0.7836701181554594,0.27403136261760297,1.0,1,1,0.5735884369314641,-0.01978377488804976,0.211197097372216,-0.46588198973048345,0.2469664497451098,1.1097381756433509,0.9906776830246631
1,1,1.0,1,0,-0.21409259050944107,1.2438808566723432,-0.07801706718700264,0.27403136261760297,1.0,0,0,0.39066424166995645,0.43816827088541555,-0.16975787575597592,-1.0496331695989862,-0.04409149352621673,0.8962248617773034,0.15497514635205356
1,1,0.0,1,0,-0.2547653611580449,-0.05032451547566132,-0.25035450425549505,-0.6570524717308435,1.0,1,1,-0.26171712313691564,-0.22340710302903236,-0.11098196561619779,-0.05411415048368207,-0.13939641270510855,-0.16155498014141764,-0.06254624724919318
1,1,2.0,0,0,-0.307157404705399,0.9436279214214576,1.2145137108266904,0.27403136261760297,1.0,0,1,0.16124480240618344,-0.49015818092908153,0.4016745839363123,0.7798627677774329,-0.2712472901675511,0.5883597918563537,1.3079312580807398
1,1,0.0,0,0,2.6783273662512306,1.7064601530803103,4.131940324057598,0.27403136261760297,1.0,2,1,3.310372505175533,0.16148733810442528,1.6914792786703337,-0.7392013052954434,2.5561321148492664,2.9034503309753568,2.698580181732992
1,1,0.0,0,1,-0.4848422629202743,0.46817095961898303,0.5374737794861845,0.27403136261760297,1.0,2,1,-0.23034489967517946,-0.5800708211053014,0.10235281933558986,1.1909218107708497,-0.8232351934346964,-0.0942858134791162,0.7845752377590174
0,0,1.0,0,0,1.3735242027741974,-0.5528923517928886,-1.2843791266664497,0.27403136261760297,1.0,2,1,1.019717542877076,7.404595140676408,-0.7030948381354449,-2.4002730486529282,1.8390670113352126,1.5462660648051312,-2.346643029491677
1,0,0.0,1,0,-0.29199128683642805,-0.11674615803680531,-0.5457901106586249,0.27403136261760297,1.0,0,0,-0.32800100039966074,-0.061455392411372316,-0.37656200402556594,-0.3921919195812243,-0.23194099198769697,-0.31221977115901206,-0.499377453702394
1,1,1.0,0,0,0.13317704024029098,0.1262350548016653,1.3006824293609367,0.27403136261760297,1.0,1,1,0.18425109961145664,-0.49917142189632757,0.4397700812491313,0.8171583516828622,0.5969615902270166,0.6216337840688599,1.365886410892688
1,1,2.0,0,0,-0.34627909511740357,0.13674051867613196,0.045081102147634784,0.27403136261760297,1.0,2,1,-0.2583385759948825,-0.4026057716969586,-0.11533573673766287,0.4544477291277275,-0.37737405618940856,-0.15419267364592737,0.29732348353750904
1,1,0.0,0,0,-0.5449897076506249,1.706121267148876,-0.9150846186625373,-2.519220140427737,1.0,1,0,0.30121318400469854,1.9670059088745162,-0.15887344795231334,-1.8317159135667485,-1.064052995834279,0.782165767927212,-1.2215255105402574
1,0,0.0,0,0,0.09009147811253267,0.6894634728456515,2.051581262302225,0.27403136261760297,1.0,0,0,0.4114181741138742,-0.5464573625290011,0.7717451292608417,1.026503306253098,0.5301362075763582,0.9217182010732538,1.8116451333725103
1,1,3.0,0,0,-0.31474046363988445,0.6088086211642624,0.06970073601456228,0.27403136261760297,1.0,0,1,-0.004786657145158589,-0.13777971515853785,-0.10445130893400018,-0.2441030897646325,-0.29127145273658483,0.3287793249368769,0.3246437818255767
0,1,2.0,0,0,-0.5620515902532173,0.00016948830806547913,-0.38576249052359624,2.136199031314496,1.0,1,1,-0.5246002674265405,-0.495475919580505,-0.4595557660284936,0.8017718734453725,-1.1395861408800798,-0.8478740749472097,-0.25128973871371224
1,1,0.0,1,0,-0.3822986250562095,0.05710232478904604,-0.26266432118895877,0.27403136261760297,0.0,1,0,-0.3297707155692971,-0.3050589605684506,-0.2513910842834457,0.15601257760051182,-0.481783746697679,-0.31641440837598356,-0.07900410292287512
1,0,0.0,0,0,-0.10499994720195699,0.09607420690400297,0.5005443286857932,0.27403136261760297,1.0,1,0,-0.052408083528101654,-0.4096721777120801,0.08602617763009575,0.4784678570974806,0.18643967991187937,0.24711798036575772,0.7517906660971523
0,0,0.0,1,0,-0.3261150520416127,-0.5528923517928886,-0.6073391953259437,0.27403136261760297,1.0,0,0,-0.5669125483005744,-0.40638128368270937,-0.4037730735347225,0.46723676642969425,-0.3217893012940391,-0.9864986287776859,-0.6034095429937135
1,1,2.0,1,0,-0.534304488242941,0.037446940765850374,-1.222830041999131,0.27403136261760297,1.0,1,1,-0.4810009209745893,0.9572292920053327,-0.6758837686262883,-1.4312918051354926,-1.018516179401588,-0.715075653611132,-2.110866891550015
1,0,0.0,0,0,-0.4812230757015426,-0.5528923517928886,-1.0997318726644933,0.27403136261760297,1.0,1,1,-0.7117074258162797,-0.15112866874376094,-0.6214616296079751,-0.21626792387455274,-0.8098466842331378,-1.5585563360513797,-1.707809069301063
1,1,3.0,0,1,0.06630824781801008,-0.07031878543029141,-0.5457901106586249,0.27403136261760297,1.0,0,1,0.028516164683453624,0.5237857813177583,-0.37656200402556594,-1.1271367205868426,0.4920071862651671,0.38383003146093575,-0.499377453702394
1,1,2.0,0,1,0.45769749418656663,1.87556423286608,4.131940324057598,0.27403136261760297,1.0,0,1,1.3176732241649496,-0.5199955494001823,1.6914792786703337,0.9064175243427695,1.0262192098564118,1.7895272157248074,2.698580181732992
1,0,0.0,0,0,-0.10551697394749009,0.15436258711072118,-0.21342505345510385,0.27403136261760297,1.0,1,0,-0.025218823194597,0.055631521254517424,-0.2296222286761204,-0.588146430264995,0.18542240020036238,0.29418012866463916,-0.013951273578280892
1,1,2.0,0,1,2.1039106519639565,-0.5528923517928886,3.147154969380498,0.27403136261760297,1.0,0,1,1.701540532778808,-0.1961453737298997,1.2561021665238288,-0.11765762909232745,2.279333024465379,2.062306954392904,2.325856562290422
1,1,0.0,0,0,-0.2614867088499752,-0.5528923517928886,-0.42269194132398746,0.27403136261760297,1.0,1,1,-0.5065813493356972,-0.4452378079865344,-0.3221398650072528,0.6050491671041129,-0.15571176034651507,-0.7918372208670741,-0.3059327640486645
1,1,1.0,1,0,-0.0012499135983149684,-0.06828546984168496,0.20510872228266344,0.27403136261760297,0.0,1,1,-0.03358474945105997,-0.2500722174255103,-0.04458695601385569,0.01108154950149324,0.3784200654205029,0.2798258093714504,0.46872172563090686
1,0,1.0,1,0,-0.45037381321806763,-0.11166286906528919,-0.6196490122594074,0.27403136261760297,1.0,1,1,-0.47343941070432466,-0.2330909985596584,-0.40921528743655383,-0.030796681163916616,-0.7000879164776806,-0.6929784068947702,-0.6248651528122243
1,0,0.0,1,0,0.2569187746712129,-0.5528923517928886,-0.17649560265471262,0.27403136261760297,1.0,1,1,-0.022644692038762237,0.026407981525675958,-0.2132955869706265,-0.5423569378895269,0.7745852403016331,0.29857466076361766,0.033517845908915725
1,1,0.0,0,0,-0.7354278922553167,1.310980271096356,0.8821486536231693,0.27403136261760297,1.0,0,1,-0.06415255692659774,-0.5537780855642248,0.2547348085868666,1.0611321016377202,-2.2246164427327617,0.22641542875722298,1.067644178225261
1,1,3.0,0,0,-0.1742815311033924,-0.5528923517928886,-0.5457901106586249,0.27403136261760297,1.0,2,1,-0.4251744515324229,-0.22097058597292232,-0.37656200402556594,-0.05991804980693227,0.0439624430123347,-0.5577967760995,-0.499377453702394
1,0,2.0,0,0,-0.2937147093215384,-0.5528923517928886,-0.42269194132398746,0.27403136261760297,0.0,0,0,-0.5366665072195159,-0.4901344684260436,-0.3221398650072528,0.7797656779372871,-0.23635892480107112,-0.8863646957270429,-0.3059327640486645
1,0,1.0,0,0,1.0267715987699986,-0.5528923517928886,0.6359523149538945,0.27403136261760297,1.0,1,0,0.6960205500308548,0.16429450224755196,0.14589053055024023,-0.7429199426744366,1.577839603160497,1.2400783962618107,0.8695197130689442
0,0,0.0,1,1,2.2185182472237934,-0.5528923517928886,-0.23804468732203132,0.27403136261760297,1.0,2,1,1.8085278589431901,2.486298038529477,-0.24050665647978312,-1.9555964566968058,2.3385481003402004,2.131713630175565,-0.04621953126101011
1,0,0.0,1,1,-0.47260596327599097,0.13911272019617282,-0.2257348703885676,0.27403136261760297,1.0,0,1,-0.37513977719088476,-0.389083636729751,-0.2350644425779518,0.4094665076500548,-0.7784164412668308,-0.4273102296620645,-0.030021881570960886
1,1,0.0,0,0,0.14489631313904125,0.7707960963899094,2.2116088824372535,0.27403136261760297,1.0,2,1,0.5011909981736115,-0.5332778856721831,0.8424939099846488,0.9657229977145472,0.6146618840108025,1.028138397015288,1.8952890741955135
1,0,2.0,0,0,-0.28871678411471846,-0.5528923517928886,-0.4596213921243787,0.27403136261760297,1.0,1,1,-0.5320008944995654,-0.4588241580770551,-0.33846650671274675,0.6560664975097044,-0.22358063553904692,-0.8713871149882925,-0.3620730433891188
1,1,0.0,1,0,-0.40935635807244175,-0.37124949254404577,-0.9643238863963922,0.27403136261760297,1.0,0,0,-0.5583857388468718,0.030138596667091476,-0.5615972766878307,-0.5483101762443561,-0.5649949209785959,-0.9577198133447506,-1.3403409384583498
1,1,3.0,0,0,0.1938415117161747,-0.5528923517928886,0.15586945454880846,-2.519220140427737,1.0,0,1,-0.08152794222848238,-0.27213663020628875,0.7880717709663356,0.06746397775560857,0.6865250639234838,0.19535830883049415,0.41749425703844756
0,1,1.0,0,0,-0.11792561584028449,0.4112381231380025,-0.05339743332007517,-2.519220140427737,1.0,1,1,0.08514705011181835,0.05437044586534448,0.6030364983040709,-0.5862097878500359,0.16081009037671098,0.4738587658378093,0.18424695868388416
0,0,0.0,0,0,-0.5436109696625367,-0.5528923517928886,-0.5580999275920887,0.27403136261760297,0.0,1,0,-0.7699471432170412,-0.7812291557201158,-0.38200421792739725,2.57990431703945,-1.0581033719033877,-1.8495408729695024,-0.5197656021707086
0,0,1.0,0,1,-0.2826848054168323,-0.5528923517928886,-0.6073391953259437,0.27403136261760297,1.0,1,1,-0.526369982596177,-0.33632581352322777,-0.4037730735347225,0.24542554830042201,-0.20829427321101307,-0.8534697927806675,-0.6034095429937135
1,1,1.0,1,0,-0.5262044025629223,0.3024557391475575,-0.2011152365216401,0.27403136261760297,1.0,2,1,-0.34762875046290076,-0.3688407082329747,-0.22418001477428912,0.34444226163605046,-0.9848461655169195,-0.35927972605908415,0.0019942700498869806
0,1,0.0,1,0,-0.39212213322133843,-0.328210979251876,-0.5211704767916975,0.27403136261760297,1.0,1,1,-0.5218652530734661,-0.39874996885052183,-0.36567757622190333,0.4414913250170287,-0.5114924189391288,-0.8392591054057079,-0.4591998523942291
1,1,0.0,0,0,-0.4350353531005857,0.10793521450420725,0.13124982068188099,0.27403136261760297,1.0,0,1,-0.354868494338686,-0.5476938923326214,-0.07724023942484358,1.0323081231158178,-0.6482152326809089,-0.3769427831498158,0.3913920949370501
1,0,0.0,1,0,-0.33335342647907606,-0.5528923517928886,-0.7919864493278999,-4.753821342864008,1.0,1,0,-0.5736696425846407,-0.2430227691887989,3.432987727256355,-0.006459202575940937,-0.34151966440408243,-1.009624815736356,-0.9515313128045515
1,0,0.0,0,0,-0.47674217724025575,0.0513412639546611,0.008151651347243553,0.27403136261760297,1.0,0,1,-0.4206697220097121,-0.5667477259785454,-0.13166237844315676,1.1240677352343231,-0.7934253347036172,-0.5456667663484669,0.25564763294073484
0,0,0.0,0,0,-0.05036745442395945,-0.5528923517928886,-0.5088606598582337,0.27403136261760297,0.0,1,0,-0.30949943271709834,-0.069544996276972,-0.3602353623200721,-0.3773314053521869,0.290417736008607,-0.26892367472792067,-0.43940267408297734
1,1,0.0,0,0,-0.43210553487589815,0.1303016859788782,-0.42269194132398746,0.27403136261760297,1.0,0,1,-0.3415151889677932,-0.19890639830238283,-0.3221398650072528,-0.11135883917358488,-0.6384968698526202,-0.34449370385424755,-0.3059327640486645
1,1,2.0,0,1,0.23106743739455787,-0.5528923517928886,-0.21342505345510385,0.27403136261760297,0.0,0,0,-0.046777171624713114,0.027766062714016125,-0.2296222286761204,-0.5445278634026383,0.7390835967665946,0.25696277348347735,-0.013951273578280892
1,1,1.0,1,0,-0.4826018136896309,0.2519617353638307,-0.21342505345510385,0.27403136261760297,1.0,0,1,-0.3308968979499748,-0.33947572670781384,-0.2296222286761204,0.2547395802968852,-0.8149337659694127,-0.319088653802634,-0.013951273578280892
1,1,1.0,0,0,-0.3376619826918519,0.5484869253689377,0.1681792714822722,0.27403136261760297,1.0,2,1,-0.05482133148669674,-0.25122150781336305,-0.06091359771934969,0.01396257296648347,-0.35338139616256437,0.24288278894723325,0.4304216943389915
1,1,0.0,1,0,-0.48915081913305014,0.23772852624358556,0.45130506095193834,0.27403136261760297,0.0,2,0,-0.34376755372914863,-0.6531005779269509,0.06425732202277055,1.6026837994111671,-0.8393225045948678,-0.3499275280915954,0.7072456070651587
1,1,0.0,0,0,-0.29285299807898324,0.8927950317062964,-0.15187596878778511,-2.519220140427737,0.0,0,0,0.15046562819112538,0.2208093515639372,0.5159610758747697,-0.8149604388684897,-0.23414842182849635,0.5725628270437343,0.06456377341439644
1,1,1.0,0,0,0.030288717879204122,-0.20316207055257937,-1.456716563734942,0.27403136261760297,1.0,1,1,-0.06817463685758957,5.2508759295928975,-0.7792858327610834,-2.28708411430128,0.4324593372150412,0.2192722424367662,-3.202579120260039
0,0,0.0,0,0,-0.4524419202002001,-0.0022027132119753776,-0.7427471815940448,0.27403136261760297,1.0,2,1,-0.4234047363627865,-0.0021591027832811986,-0.463637426454867,-0.4956790760052377,-0.7072134513774557,-0.5530219820469114,-0.8527655910562316
1,1,3.0,0,1,0.8352993606742405,-0.5528923517928886,1.423780598695574,0.27403136261760297,1.0,1,1,0.5172793178975787,-0.3216935011127804,0.4941922202674445,0.2029060671323635,1.4127571816022206,1.0465833793047552,1.4459353412761282
1,1,0.0,0,0,-0.24218437701673948,0.3515941992055467,0.2174185392161272,0.27403136261760297,1.0,1,1,-0.0591651778121679,-0.28279234186206786,-0.03914474211202439,0.09552671777264161,-0.10930082287118964,0.23523507193207482,0.48133094705639723
0,1,0.0,0,0,-0.19168809820300675,0.22857860609485653,0.4636148778854021,0.27403136261760297,1.0,1,1,-0.07042700161894498,-0.41039850604707884,0.06969953592460186,0.4809572347002737,0.0060619771793335095,0.21526004982821492,0.7184729886653072
1,1,2.0,1,0,-0.27872093370107853,-0.47088195638576175,-0.44731157519091497,0.27403136261760297,1.0,1,1,-0.48373593532766374,-0.3937298052937524,-0.33302429281091545,0.42477871289754865,-0.19832849000777386,-0.7231333305672999,-0.34318819067081896
0,1,1.0,0,1,2.4458376730098466,-0.5528923517928886,5.609118356073247,0.27403136261760297,1.0,1,1,2.0207327961023185,-0.4939598879786434,2.344544946890092,0.7954981287897435,2.449842403335954,2.262162970826804,3.154947387748335
1,1,0.0,0,0,0.10870444095172427,0.14317935137338572,0.8205995689558506,0.27403136261760297,1.0,0,1,0.16944984546540676,-0.3531334873520192,0.22752373907771012,0.29580428133550524,0.5593504618755428,0.6002951056248046,1.0198799637544242
1,0,0.0,1,1,0.08750634438486717,-0.5528923517928886,-0.15187596878778511,0.27403136261760297,1.0,1,1,-0.18079287492536034,-0.19114351762032877,-0.20241115916696392,-0.12899214573396242,0.5260358247464719,0.007247014103584791,0.06456377341439644
1,1,2.0,0,0,0.6043607476694559,-0.5528923517928886,1.3991609648286465,0.27403136261760297,0.0,2,0,0.30169583359641755,-0.45087710994448804,0.4833077924637819,0.6260381501721864,1.1877077504716627,0.7828003363754346,1.4301737865149045
1,1,0.0,1,0,-0.1422258728803402,-0.5528923517928886,-0.29959377198935006,0.27403136261760297,1.0,0,1,-0.39525017684584385,-0.36846932041683905,-0.2677177259889397,0.34327430622284166,0.11147696754997354,-0.47866222048210316,-0.1291860073678539
1,0,0.0,0,0,-0.3376619826918519,-0.5528923517928886,-0.9150846186625373,0.27403136261760297,1.0,2,1,-0.5776917225156325,-0.09409035987370463,-0.5398284210805055,-0.3310716484029936,-0.35338139616256437,-1.0235280888170533,-1.2215255105402574
1,1,3.0,0,0,-0.3261150520416127,0.2943224767931317,-0.26266432118895877,0.27403136261760297,0.0,0,0,-0.16470455520139307,-0.08476257792408737,-0.2513910842834457,-0.3488625575365275,-0.3217893012940391,0.039055743960217236,-0.07900410292287512
0,0,0.0,0,0,-0.5022488300198887,-0.5528923517928886,-1.6659834516038257,0.27403136261760297,1.0,2,0,-0.7313351758795197,5.62648197771428,-0.8718034690922156,-2.311854179937634,-0.8892534315010023,-1.6516299035703543,-5.237744072398605
1,1,0.0,0,0,-0.36644313819319446,0.1465682106877298,-0.4965508429247699,0.27403136261760297,0.0,2,0,-0.27249629735197367,-0.02346591050101845,-0.3547931484182408,-0.4595569303130443,-0.43497549622270953,-0.1852408527196325,-0.4197949453595222
1,1,1.0,0,0,-0.3231852338169251,0.040158028217325635,0.512854145619257,0.27403136261760297,1.0,2,1,-0.2826319387780731,-0.6179212429125746,0.09146839153192726,1.394099706050436,-0.3138723854967881,-0.2077910390189033,0.7627772447806558
1,1,0.0,0,0,-0.03037575359667959,-0.06116886528156238,0.2543479900165185,0.27403136261760297,0.0,2,0,-0.0573954626425315,-0.3004640847511121,-0.022818100406530508,0.14332104051557168,0.32682677687136646,0.23835460306568368,0.5186996183252975
1,1,2.0,0,0,1.9601772167057547,-0.5528923517928886,1.6084278526975302,0.27403136261760297,1.0,2,1,1.567363946280921,0.24895579626371492,0.5758254287949142,-0.8489413824295298,2.2018048319303114,1.9714352626184588,1.5604339543409311
1,1,2.0,1,0,0.14351757515095298,-0.0022027132119753776,0.5251639625527208,2.136199031314496,1.0,1,0,0.1329293596920011,-0.2570503275346757,-0.15751289447685551,0.028667324455490438,0.6125897088015244,0.546573281735806,0.7737052280993167
1,1,3.0,0,0,0.19194574698255332,-0.5528923517928886,0.06970073601456228,0.27403136261760297,1.0,1,0,-0.08329765739811879,-0.2236995986663044,-0.10445130893400018,-0.05341572615375645,0.6838013448436943,0.1921658061730015,0.3246437818255767
1,1,2.0,0,0,-0.36764953393277167,-0.39666593740162637,-0.44731157519091497,-4.008954275385251,1.0,2,1,-0.5315182449078465,-0.46635675600472304,1.5981841832103687,0.6850265383799286,-0.43848889364208865,-0.8698445674659268,-0.34318819067081896
1,0,0.0,0,0,-0.35558557653699935,0.37531621440595525,-0.42269194132398746,0.27403136261760297,1.0,2,1,-0.15376449778909534,0.0812775735313452,-0.3221398650072528,-0.6267916577825026,-0.40369993329212844,0.060379258878306134,-0.3059327640486645
1,1,1.0,0,0,-0.6049648101324645,0.20350104716871034,-0.4596213921243787,0.27403136261760297,1.0,0,1,-0.46813026519541545,-0.36083639450099614,-0.33846650671274675,0.31946390682157183,-1.347148949939147,-0.6776186211199043,-0.3620730433891188
1,0,0.0,0,1,-0.3636856622170179,0.4356379102012799,0.20510872228266344,0.27403136261760297,1.0,2,1,-0.13268879895069824,-0.35111840971903474,-0.04458695601385569,0.28967505274844296,-0.42697394717585657,0.10078219382682732,0.46872172563090686
1,1,2.0,0,0,0.21503960828303179,-0.5528923517928886,0.7467406673550682,0.27403136261760297,1.0,1,1,-0.061739308968002664,-0.5090370926465647,0.19487045566672212,0.8588959018040199,0.7166671675708012,0.2306882173774202,0.961053186041231
1,0,0.0,0,0,-0.5956583287128687,10.913990910153178,-0.6688882799932624,0.27403136261760297,1.0,2,0,4.625270876215377,9.116390360767104,-0.4309841430438791,-2.4570156945284127,-1.2997744868740362,3.3877038139544466,-0.7130074313703013
0,1,0.0,0,0,-0.36644313819319446,-0.5528923517928886,-1.3336183944003046,0.27403136261760297,1.0,1,1,-0.6045592164546578,0.9710210765847899,-0.7248636937427703,-1.4391061782481092,-0.43497549622270953,-1.119165477860078,-2.556980571504151
1,1,1.0,0,0,-0.5880752697783833,-0.5528923517928886,-1.025872971063711,0.27403136261760297,1.0,0,0,-0.8114550081048766,-0.5376327500236587,-0.5888083461969873,0.9855887540208648,-1.2621915718549856,-2.0887550142306233,-1.499257141358335
1,1,1.0,0,0,-0.43176085037887607,0.09675197876687178,0.020461468280707294,0.27403136261760297,0.0,0,0,-0.35712085910004143,-0.5006720773959495,-0.12622016454132545,0.823444588968194,-0.6373574338304535,-0.38247232217271177,0.26963398086709855
1,1,1.0,0,0,-0.17393684660637032,0.46376544251033575,0.34051670855076466,-4.008954275385251,1.0,0,0,0.057796906581074024,-0.23330334851225676,3.090905710569815,-0.03028084722661828,0.04470388782092737,0.43092238038371544,0.6033307873125973
1,1,0.0,0,0,-0.5162085521492824,-0.03710796414971941,-0.4965508429247699,0.27403136261760297,1.0,2,1,-0.49950248865715163,-0.38177579670094697,-0.3547931484182408,0.3856791989485666,-0.9442566332587956,-0.7702762443082135,-0.4197949453595222
0,0,0.0,1,0,-0.5389577289527389,-0.5528923517928886,-0.9150846186625373,0.27403136261760297,1.0,1,1,-0.7656032968915699,-0.5347567413303991,-0.5398284210805055,0.9724453986773054,-1.0381864051676883,-1.826195965741468,-1.2215255105402574
1,1,2.0,0,1,-0.4422737275380491,-0.5528923517928886,-0.47193120905784247,0.27403136261760297,0.0,1,0,-0.6753478232401137,-0.6723938000901754,-0.34390872061457806,1.7262511845660082,-0.6724834522654964,-1.397551302032831,-0.3811335716779283
1,1,0.0,0,0,-0.39505195144602595,0.6047419899870495,-1.0874220557310297,-2.519220140427737,1.0,1,1,-0.08168882542572205,1.6742344088656165,-0.31125543720359017,-1.7431290717619237,-0.5204615966311574,0.19506830750864457,-1.6715427771491722
1,1,2.0,0,1,0.12197479408707383,-0.5528923517928886,0.7467406673550682,-1.5881363060792901,1.0,1,0,-0.14861623547742583,-0.5786043713763636,0.7526973806044319,1.1834504270620316,0.5798557213142881,0.07032993777720146,0.961053186041231
1,1,0.0,0,0,-0.24700995997504843,0.5654312219406582,-0.028777799453147682,-2.519220140427737,1.0,0,1,0.03784739012335463,-0.020111036091145007,0.624805353911396,-0.4653212469584208,-0.12077699900603214,0.3989672403893619,0.21310647823996529
1,1,0.0,0,1,1.8660783490187305,-0.5528923517928886,1.423780598695574,0.27403136261760297,1.0,2,1,1.47952172058806,0.2858334809883599,0.4941922202674445,-0.8916954268452775,2.148918340024406,1.9094463933522061,1.4459353412761282
1,0,0.0,1,0,-0.2514908584363353,-0.5528923517928886,-0.42269194132398746,0.27403136261760297,1.0,0,1,-0.4972501238957962,-0.4313126405774889,-0.3221398650072528,0.554322777824375,-0.13150823422573574,-0.7634679877715473,-0.3059327640486645
1,1,2.0,1,1,0.18798187526679955,-0.21400642035848041,0.5251639625527208,0.27403136261760297,1.0,0,0,0.07388522630504127,-0.30888132590302997,0.09691060543375855,0.1666555870706098,0.678091152986786,0.4562988777092875,0.7737052280993167
1,0,0.0,0,0,-0.39729240067666943,-0.5528923517928886,-0.6935079138601898,0.27403136261760297,0.0,1,0,-0.6333573087605592,-0.45514148308348495,-0.4418685708475418,0.6420851174498912,-0.527354728971327,-1.2274442457533838,-0.7585424611983882
1,1,0.0,0,1,0.8049671249362986,-0.5528923517928886,0.4389952440184746,0.27403136261760297,1.0,0,1,0.48896387518339635,0.1102083092691037,0.05881510812093926,-0.6687588248641128,1.38495568452959,1.0139969228139822,0.6959563663011106
1,1,2.0,0,0,0.08405949941464651,-0.5528923517928886,0.5867130472200395,0.27403136261760297,1.0,2,1,-0.18401053887015378,-0.5565291064244887,0.12412167494291504,1.0743099479754,0.5205521238071695,0.0008195047647835983,0.8274876337441815
0,0,3.0,0,1,-0.840384321598536,13.567467753284593,2.531664122707311,-2.519220140427737,1.0,2,0,5.656532170521678,1.8238647914732578,2.888766337073223,-1.79044514992342,-3.6541748472465794,3.6952394631897065,2.052981632977103
1,1,0.0,1,1,-0.4133202297881955,0.3932771687719789,0.13124982068188099,0.27403136261760297,1.0,0,1,-0.199133559410683,-0.3827604300728687,-0.07724023942484358,0.3888633011936711,-0.5775597526437443,-0.02969074376975366,0.3913920949370501
1,1,3.0,0,0,0.07078914627929694,-0.5528923517928886,-0.2011152365216401,0.27403136261760297,1.0,2,1,-0.19639854505760856,-0.17489373758436,-0.22418001477428912,-0.16515010843101072,0.4992612675432054,-0.02413575428059973,0.0019942700498869806
1,0,0.0,0,0,-0.2785485914525675,0.9046560393065006,0.34051670855076466,0.27403136261760297,1.0,0,1,0.16944984546540676,-0.1267428753760758,0.015277396906288787,-0.2666588517460093,-0.1978966107643236,0.6002951056248046,0.6033307873125973
0,1,1.0,0,0,1.1560282851532735,-0.5528923517928886,4.328897394993017,0.27403136261760297,1.0,1,1,0.8166829479606093,-0.712627354592374,1.778554701099635,2.0079420584356367,1.6803053066582545,1.3601796332600582,2.7656288474787987
1,1,0.0,1,0,-0.4984573005526459,0.7348741876578622,-0.21342505345510385,-2.519220140427737,1.0,2,0,-0.11643959602949132,-0.06227679958476777,0.46153893685645675,-0.3906915098065528,-0.8746375589949552,0.13134453113403516,-0.013951273578280892
1,1,1.0,0,0,-0.3261150520416127,0.2943224767931317,0.3528265254842284,0.27403136261760297,1.0,1,1,-0.16470455520139307,-0.45089308576128645,0.02071961080812008,0.6260979840956415,-0.3217893012940391,0.039055743960217236,0.6151405722561007
1,1,2.0,1,0,-0.22495015216563616,-0.07472430253893872,0.15586945454880846,0.27403136261760297,1.0,0,1,-0.24546792021570868,-0.4435480089543583,-0.06635581162118098,0.5988106482990897,-0.06897859433813242,-0.12640960901140538,0.41749425703844756
1,1,0.0,0,0,-0.35506854979146624,0.10793521450420725,-0.44731157519091497,0.27403136261760297,1.0,0,1,-0.280218690819478,-0.08439279300628498,-0.33302429281091545,-0.349562452020293,-0.4022258771484309,-0.20239711152798642,-0.34318819067081896
0,0,0.0,0,0,-0.4122861762971293,-0.5528923517928886,-0.9027748017290735,0.27403136261760297,1.0,0,1,-0.6473541469204107,-0.2728639836358546,-0.5343862071786742,0.06936189549465135,-0.5742723725279469,-1.2824369587865427,-1.192867812409146
1,1,3.0,0,0,-0.20444142459282322,-0.5528923517928886,-1.2843791266664497,-2.519220140427737,1.0,0,1,-0.4533290110493656,1.3593918614977984,-0.48540628206219233,-1.6265120178367496,-0.022292419672248886,-0.6354548674797215,-2.346643029491677
1,1,1.0,0,0,0.4790679330019348,-0.47155972824863057,1.337611880161328,0.27403136261760297,1.0,2,1,0.22334571654069704,-0.48391302931375635,0.4560967229546252,0.7544756084466494,1.050796869417533,0.6768466821411595,1.3902311568644994
1,1,2.0,0,0,0.3947925734800395,-0.5528923517928886,0.5251639625527208,0.27403136261760297,1.0,2,1,0.10606186575297578,-0.28063555022545267,0.09691060543375855,0.08980154310325444,0.9515838945719695,0.5060368319998482,0.7737052280993167
0,0,0.0,0,1,-0.12223417205306032,-0.5528923517928886,-0.1395661518543214,0.27403136261760297,0.0,1,0,-0.3765877259660418,-0.4415281607185038,-0.19696894526513253,0.5913840279133292,0.15217412854189374,-0.43096060705831574,0.07991209997711027
